nodes;program;c.domain;adv.model;protocol;comp.intbits;comp.inttriples;comp.vmrounds;bandwidths(Mbs);input_size;runtime_internal(s);P0commRounds;P0dataSent(MB);ALLdataSent(MB)
bitcoincash,bitcoin,ether;33_matrix_add_float;FIELD;maldishonest;mascot;NA;NA;901;100;30;3.12681;~3671;10.3208;30.9478
bitcoincash,bitcoin,ether;33_matrix_add_float;FIELD;maldishonest;mascot;NA;NA;NA;95;30;3.28244;~3671;10.3208;30.9478
bitcoincash,bitcoin,ether;33_matrix_add_float;FIELD;maldishonest;mascot;NA;NA;NA;90;30;3.42929;~3671;10.3208;30.9478
bitcoincash,bitcoin,ether;33_matrix_add_float;FIELD;maldishonest;mascot;NA;NA;NA;85;30;3.56401;~3671;10.3208;30.9478
bitcoincash,bitcoin,ether;33_matrix_add_float;FIELD;maldishonest;mascot;NA;NA;NA;80;30;3.72575;~3671;10.3208;30.9478
bitcoincash,bitcoin,ether;33_matrix_add_float;FIELD;maldishonest;mascot;NA;NA;NA;75;30;3.92284;~3671;10.3208;30.9478
bitcoincash,bitcoin,ether;33_matrix_add_float;FIELD;maldishonest;mascot;NA;NA;NA;70;30;4.21086;~3671;10.3208;30.9478
bitcoincash,bitcoin,ether;33_matrix_add_float;FIELD;maldishonest;mascot;NA;NA;NA;65;30;4.50522;~3671;10.3208;30.9478
bitcoincash,bitcoin,ether;33_matrix_add_float;FIELD;maldishonest;mascot;NA;NA;NA;60;30;4.81098;~3671;10.3208;30.9478
bitcoincash,bitcoin,ether;33_matrix_add_float;FIELD;maldishonest;mascot;NA;NA;NA;55;30;5.22952;~3671;10.3208;30.9478
bitcoincash,bitcoin,ether;33_matrix_add_float;FIELD;maldishonest;mascot;NA;NA;NA;50;30;5.66492;~3671;10.3208;30.9478
bitcoincash,bitcoin,ether;33_matrix_add_float;FIELD;maldishonest;mascot;NA;NA;NA;45;30;6.22056;~3671;10.3208;30.9478
bitcoincash,bitcoin,ether;33_matrix_add_float;FIELD;maldishonest;mascot;NA;NA;NA;40;30;6.95821;~3671;10.3208;30.9478
bitcoincash,bitcoin,ether;33_matrix_add_float;FIELD;maldishonest;mascot;NA;NA;NA;35;30;7.85175;~3671;10.3208;30.9478
bitcoincash,bitcoin,ether;33_matrix_add_float;FIELD;maldishonest;mascot;NA;NA;NA;30;30;9.05396;~3671;10.3208;30.9478
bitcoincash,bitcoin,ether;33_matrix_add_float;FIELD;maldishonest;mascot;NA;NA;NA;25;30;10.7386;~3671;10.3208;30.9478
bitcoincash,bitcoin,ether;33_matrix_add_float;FIELD;maldishonest;mascot;NA;NA;NA;20;30;13.3741;~3671;10.3208;30.9478
bitcoincash,bitcoin,ether;33_matrix_add_float;FIELD;maldishonest;mascot;NA;NA;NA;15;30;17.6285;~3671;10.3208;30.9478
bitcoincash,bitcoin,ether;33_matrix_add_float;FIELD;maldishonest;mascot;NA;NA;NA;10;30;26.2213;~3671;10.3208;30.9478
bitcoincash,bitcoin,ether;33_matrix_add_float;FIELD;maldishonest;mascot;NA;NA;NA;5;30;52.1072;~3671;10.3208;30.9478
bitcoincash,bitcoin,ether;33_matrix_add_float;FIELD;maldishonest;lowgear;NA;NA;901;100;30;1479.91;~3655;0.579268;1.72336
bitcoincash,bitcoin,ether;33_matrix_add_float;FIELD;maldishonest;lowgear;NA;NA;NA;95;30;0.994818;~3655;0.579268;1.72336
bitcoincash,bitcoin,ether;33_matrix_add_float;FIELD;maldishonest;lowgear;NA;NA;NA;90;30;1.0278;~3655;0.579268;1.72336
bitcoincash,bitcoin,ether;33_matrix_add_float;FIELD;maldishonest;lowgear;NA;NA;NA;85;30;1.02566;~3655;0.579268;1.72336
bitcoincash,bitcoin,ether;33_matrix_add_float;FIELD;maldishonest;lowgear;NA;NA;NA;80;30;1.07973;~3655;0.579268;1.72336
bitcoincash,bitcoin,ether;33_matrix_add_float;FIELD;maldishonest;lowgear;NA;NA;NA;75;30;1.12507;~3655;0.579268;1.72336
bitcoincash,bitcoin,ether;33_matrix_add_float;FIELD;maldishonest;lowgear;NA;NA;NA;70;30;1.15058;~3655;0.579268;1.72336
bitcoincash,bitcoin,ether;33_matrix_add_float;FIELD;maldishonest;lowgear;NA;NA;NA;65;30;1.20792;~3655;0.579268;1.72336
bitcoincash,bitcoin,ether;33_matrix_add_float;FIELD;maldishonest;lowgear;NA;NA;NA;60;30;1.27563;~3655;0.579268;1.72336
bitcoincash,bitcoin,ether;33_matrix_add_float;FIELD;maldishonest;lowgear;NA;NA;NA;55;30;1.3422;~3655;0.579268;1.72336
bitcoincash,bitcoin,ether;33_matrix_add_float;FIELD;maldishonest;lowgear;NA;NA;NA;50;30;1.43257;~3655;0.579268;1.72336
bitcoincash,bitcoin,ether;33_matrix_add_float;FIELD;maldishonest;lowgear;NA;NA;NA;45;30;1.56972;~3655;0.579268;1.72336
bitcoincash,bitcoin,ether;33_matrix_add_float;FIELD;maldishonest;lowgear;NA;NA;NA;40;30;1.70466;~3655;0.579268;1.72336
bitcoincash,bitcoin,ether;33_matrix_add_float;FIELD;maldishonest;lowgear;NA;NA;NA;35;30;1.8558;~3655;0.579268;1.72336
bitcoincash,bitcoin,ether;33_matrix_add_float;FIELD;maldishonest;lowgear;NA;NA;NA;30;30;2.0928;~3655;0.579268;1.72336
bitcoincash,bitcoin,ether;33_matrix_add_float;FIELD;maldishonest;lowgear;NA;NA;NA;25;30;2.42538;~3655;0.579268;1.72336
bitcoincash,bitcoin,ether;33_matrix_add_float;FIELD;maldishonest;lowgear;NA;NA;NA;20;30;2.92542;~3655;0.579268;1.72336
bitcoincash,bitcoin,ether;33_matrix_add_float;FIELD;maldishonest;lowgear;NA;NA;NA;15;30;4.12079;~3655;0.579268;1.72336
bitcoincash,bitcoin,ether;33_matrix_add_float;FIELD;maldishonest;lowgear;NA;NA;NA;10;30;5.53947;~3655;0.579268;1.72336
bitcoincash,bitcoin,ether;33_matrix_add_float;FIELD;maldishonest;lowgear;NA;NA;NA;5;30;10.849;~3655;0.579268;1.72336
bitcoincash,bitcoin,ether;33_matrix_add_float;FIELD;maldishonest;highgear;NA;NA;901;100;30;3740.39;~3666;36.6239;109.858
bitcoincash,bitcoin,ether;33_matrix_add_float;FIELD;maldishonest;highgear;NA;NA;NA;95;30;14.5378;~3666;36.6238;109.857
bitcoincash,bitcoin,ether;33_matrix_add_float;FIELD;maldishonest;highgear;NA;NA;NA;90;30;14.886;~3666;36.624;109.857
bitcoincash,bitcoin,ether;33_matrix_add_float;FIELD;maldishonest;highgear;NA;NA;NA;85;30;15.5078;~3666;36.6238;109.857
bitcoincash,bitcoin,ether;33_matrix_add_float;FIELD;maldishonest;highgear;NA;NA;NA;80;30;15.8353;~3666;36.6238;109.857
bitcoincash,bitcoin,ether;33_matrix_add_float;FIELD;maldishonest;highgear;NA;NA;NA;75;30;16.5326;~3666;36.6239;109.858
bitcoincash,bitcoin,ether;33_matrix_add_float;FIELD;maldishonest;highgear;NA;NA;NA;70;30;17.0766;~3666;36.624;109.857
bitcoincash,bitcoin,ether;33_matrix_add_float;FIELD;maldishonest;highgear;NA;NA;NA;65;30;17.8193;~3666;36.624;109.857
bitcoincash,bitcoin,ether;33_matrix_add_float;FIELD;maldishonest;highgear;NA;NA;NA;60;30;18.7291;~3666;36.6239;109.857
bitcoincash,bitcoin,ether;33_matrix_add_float;FIELD;maldishonest;highgear;NA;NA;NA;55;30;19.7922;~3666;36.6241;109.858
bitcoincash,bitcoin,ether;33_matrix_add_float;FIELD;maldishonest;highgear;NA;NA;NA;50;30;21.0639;~3666;36.6239;109.858
bitcoincash,bitcoin,ether;33_matrix_add_float;FIELD;maldishonest;highgear;NA;NA;NA;45;30;22.6076;~3666;36.624;109.857
bitcoincash,bitcoin,ether;33_matrix_add_float;FIELD;maldishonest;highgear;NA;NA;NA;40;30;24.5316;~3666;36.624;109.857
bitcoincash,bitcoin,ether;33_matrix_add_float;FIELD;maldishonest;highgear;NA;NA;NA;35;30;27.0022;~3666;36.624;109.858
bitcoincash,bitcoin,ether;33_matrix_add_float;FIELD;maldishonest;highgear;NA;NA;NA;30;30;30.3034;~3666;36.6238;109.857
bitcoincash,bitcoin,ether;33_matrix_add_float;FIELD;maldishonest;highgear;NA;NA;NA;25;30;34.9113;~3666;36.6239;109.858
bitcoincash,bitcoin,ether;33_matrix_add_float;FIELD;maldishonest;highgear;NA;NA;NA;20;30;41.9324;~3666;36.6239;109.857
bitcoincash,bitcoin,ether;33_matrix_add_float;FIELD;maldishonest;highgear;NA;NA;NA;15;30;53.7715;~3666;36.624;109.858
bitcoincash,bitcoin,ether;33_matrix_add_float;FIELD;maldishonest;highgear;NA;NA;NA;10;30;77.2161;~3666;36.6239;109.857
bitcoincash,bitcoin,ether;33_matrix_add_float;FIELD;maldishonest;highgear;NA;NA;NA;5;30;147.842;~3666;36.6238;109.857
bitcoincash,bitcoin,ether;33_matrix_add_float;FIELD;covertdishonest;chaigear;NA;NA;901;100;30;37.7677;~3666;36.6239;109.858
bitcoincash,bitcoin,ether;33_matrix_add_float;FIELD;covertdishonest;chaigear;NA;NA;NA;95;30;14.517;~3666;36.624;109.857
bitcoincash,bitcoin,ether;33_matrix_add_float;FIELD;covertdishonest;chaigear;NA;NA;NA;90;30;15.0325;~3666;36.6239;109.857
bitcoincash,bitcoin,ether;33_matrix_add_float;FIELD;covertdishonest;chaigear;NA;NA;NA;85;30;15.3829;~3666;36.6239;109.857
bitcoincash,bitcoin,ether;33_matrix_add_float;FIELD;covertdishonest;chaigear;NA;NA;NA;80;30;15.9643;~3666;36.6239;109.857
bitcoincash,bitcoin,ether;33_matrix_add_float;FIELD;covertdishonest;chaigear;NA;NA;NA;75;30;16.603;~3666;36.6241;109.857
bitcoincash,bitcoin,ether;33_matrix_add_float;FIELD;covertdishonest;chaigear;NA;NA;NA;70;30;17.1791;~3666;36.6239;109.857
bitcoincash,bitcoin,ether;33_matrix_add_float;FIELD;covertdishonest;chaigear;NA;NA;NA;65;30;17.8442;~3666;36.6238;109.857
bitcoincash,bitcoin,ether;33_matrix_add_float;FIELD;covertdishonest;chaigear;NA;NA;NA;60;30;18.7376;~3666;36.6239;109.857
bitcoincash,bitcoin,ether;33_matrix_add_float;FIELD;covertdishonest;chaigear;NA;NA;NA;55;30;19.7693;~3666;36.624;109.857
bitcoincash,bitcoin,ether;33_matrix_add_float;FIELD;covertdishonest;chaigear;NA;NA;NA;50;30;21.057;~3666;36.6239;109.857
bitcoincash,bitcoin,ether;33_matrix_add_float;FIELD;covertdishonest;chaigear;NA;NA;NA;45;30;22.5973;~3666;36.6238;109.857
bitcoincash,bitcoin,ether;33_matrix_add_float;FIELD;covertdishonest;chaigear;NA;NA;NA;40;30;24.5501;~3666;36.6237;109.857
bitcoincash,bitcoin,ether;33_matrix_add_float;FIELD;covertdishonest;chaigear;NA;NA;NA;35;30;26.9889;~3666;36.6239;109.857
bitcoincash,bitcoin,ether;33_matrix_add_float;FIELD;covertdishonest;chaigear;NA;NA;NA;30;30;30.2826;~3666;36.6239;109.857
bitcoincash,bitcoin,ether;33_matrix_add_float;FIELD;covertdishonest;chaigear;NA;NA;NA;25;30;34.9421;~3666;36.624;109.857
bitcoincash,bitcoin,ether;33_matrix_add_float;FIELD;covertdishonest;chaigear;NA;NA;NA;20;30;41.9538;~3666;36.6239;109.857
bitcoincash,bitcoin,ether;33_matrix_add_float;FIELD;covertdishonest;chaigear;NA;NA;NA;15;30;53.765;~3666;36.624;109.857
bitcoincash,bitcoin,ether;33_matrix_add_float;FIELD;covertdishonest;chaigear;NA;NA;NA;10;30;77.3077;~3666;36.6239;109.858
bitcoincash,bitcoin,ether;33_matrix_add_float;FIELD;covertdishonest;chaigear;NA;NA;NA;5;30;147.765;~3666;36.624;109.857
bitcoincash,bitcoin,ether;33_matrix_add_float;FIELD;covertdishonest;cowgear;NA;NA;901;100;30;3.99855;~3655;0.579268;1.72336
bitcoincash,bitcoin,ether;33_matrix_add_float;FIELD;covertdishonest;cowgear;NA;NA;NA;95;30;0.95898;~3655;0.579268;1.72336
bitcoincash,bitcoin,ether;33_matrix_add_float;FIELD;covertdishonest;cowgear;NA;NA;NA;90;30;0.963821;~3655;0.579268;1.72336
bitcoincash,bitcoin,ether;33_matrix_add_float;FIELD;covertdishonest;cowgear;NA;NA;NA;85;30;1.22132;~3655;0.579268;1.72336
bitcoincash,bitcoin,ether;33_matrix_add_float;FIELD;covertdishonest;cowgear;NA;NA;NA;80;30;1.10845;~3655;0.579268;1.72336
bitcoincash,bitcoin,ether;33_matrix_add_float;FIELD;covertdishonest;cowgear;NA;NA;NA;75;30;1.13836;~3655;0.579268;1.72336
bitcoincash,bitcoin,ether;33_matrix_add_float;FIELD;covertdishonest;cowgear;NA;NA;NA;70;30;1.19882;~3655;0.579268;1.72336
bitcoincash,bitcoin,ether;33_matrix_add_float;FIELD;covertdishonest;cowgear;NA;NA;NA;65;30;1.23852;~3655;0.579268;1.72336
bitcoincash,bitcoin,ether;33_matrix_add_float;FIELD;covertdishonest;cowgear;NA;NA;NA;60;30;1.26895;~3655;0.579268;1.72336
bitcoincash,bitcoin,ether;33_matrix_add_float;FIELD;covertdishonest;cowgear;NA;NA;NA;55;30;1.35593;~3655;0.579268;1.72336
bitcoincash,bitcoin,ether;33_matrix_add_float;FIELD;covertdishonest;cowgear;NA;NA;NA;50;30;1.43306;~3655;0.579268;1.72336
bitcoincash,bitcoin,ether;33_matrix_add_float;FIELD;covertdishonest;cowgear;NA;NA;NA;45;30;1.55267;~3655;0.579268;1.72336
bitcoincash,bitcoin,ether;33_matrix_add_float;FIELD;covertdishonest;cowgear;NA;NA;NA;40;30;1.70376;~3655;0.579268;1.72336
bitcoincash,bitcoin,ether;33_matrix_add_float;FIELD;covertdishonest;cowgear;NA;NA;NA;35;30;1.86644;~3655;0.579268;1.72336
bitcoincash,bitcoin,ether;33_matrix_add_float;FIELD;covertdishonest;cowgear;NA;NA;NA;30;30;2.10589;~3655;0.579268;1.72336
bitcoincash,bitcoin,ether;33_matrix_add_float;FIELD;covertdishonest;cowgear;NA;NA;NA;25;30;2.44108;~3655;0.579268;1.72336
bitcoincash,bitcoin,ether;33_matrix_add_float;FIELD;covertdishonest;cowgear;NA;NA;NA;20;30;2.88252;~3655;0.579268;1.72336
bitcoincash,bitcoin,ether;33_matrix_add_float;FIELD;covertdishonest;cowgear;NA;NA;NA;15;30;3.79352;~3655;0.579268;1.72336
bitcoincash,bitcoin,ether;33_matrix_add_float;FIELD;covertdishonest;cowgear;NA;NA;NA;10;30;5.51992;~3655;0.579268;1.72336
bitcoincash,bitcoin,ether;33_matrix_add_float;FIELD;covertdishonest;cowgear;NA;NA;NA;5;30;10.8516;~3655;0.579268;1.72336
bitcoincash,bitcoin,ether;33_matrix_add_float;RING;maldishonest;spdz2k;NA;NA;901;100;30;5.96418;~3693;20.6557;61.9383
bitcoincash,bitcoin,ether;33_matrix_add_float;RING;maldishonest;spdz2k;NA;NA;NA;95;30;6.15149;~3693;20.6557;61.9383
bitcoincash,bitcoin,ether;33_matrix_add_float;RING;maldishonest;spdz2k;NA;NA;NA;90;30;6.47244;~3693;20.6557;61.9383
bitcoincash,bitcoin,ether;33_matrix_add_float;RING;maldishonest;spdz2k;NA;NA;NA;85;30;6.79079;~3693;20.6557;61.9383
bitcoincash,bitcoin,ether;33_matrix_add_float;RING;maldishonest;spdz2k;NA;NA;NA;80;30;7.19724;~3693;20.6557;61.9383
bitcoincash,bitcoin,ether;33_matrix_add_float;RING;maldishonest;spdz2k;NA;NA;NA;75;30;7.61364;~3693;20.6557;61.9383
bitcoincash,bitcoin,ether;33_matrix_add_float;RING;maldishonest;spdz2k;NA;NA;NA;70;30;8.18818;~3693;20.6557;61.9383
bitcoincash,bitcoin,ether;33_matrix_add_float;RING;maldishonest;spdz2k;NA;NA;NA;65;30;8.7554;~3693;20.6557;61.9383
bitcoincash,bitcoin,ether;33_matrix_add_float;RING;maldishonest;spdz2k;NA;NA;NA;60;30;9.33517;~3693;20.6557;61.9383
bitcoincash,bitcoin,ether;33_matrix_add_float;RING;maldishonest;spdz2k;NA;NA;NA;55;30;10.1075;~3693;20.6557;61.9383
bitcoincash,bitcoin,ether;33_matrix_add_float;RING;maldishonest;spdz2k;NA;NA;NA;50;30;11.0939;~3693;20.6557;61.9383
bitcoincash,bitcoin,ether;33_matrix_add_float;RING;maldishonest;spdz2k;NA;NA;NA;45;30;12.2411;~3693;20.6557;61.9383
bitcoincash,bitcoin,ether;33_matrix_add_float;RING;maldishonest;spdz2k;NA;NA;NA;40;30;13.6203;~3693;20.6557;61.9383
bitcoincash,bitcoin,ether;33_matrix_add_float;RING;maldishonest;spdz2k;NA;NA;NA;35;30;15.4987;~3693;20.6557;61.9383
bitcoincash,bitcoin,ether;33_matrix_add_float;RING;maldishonest;spdz2k;NA;NA;NA;30;30;17.9594;~3693;20.6557;61.9383
bitcoincash,bitcoin,ether;33_matrix_add_float;RING;maldishonest;spdz2k;NA;NA;NA;25;30;21.4168;~3693;20.6557;61.9383
bitcoincash,bitcoin,ether;33_matrix_add_float;RING;maldishonest;spdz2k;NA;NA;NA;20;30;26.505;~3693;20.6557;61.9383
bitcoincash,bitcoin,ether;33_matrix_add_float;RING;maldishonest;spdz2k;NA;NA;NA;15;30;35.0473;~3693;20.6557;61.9383
bitcoincash,bitcoin,ether;33_matrix_add_float;RING;maldishonest;spdz2k;NA;NA;NA;10;30;52.2456;~3693;20.6557;61.9383
bitcoincash,bitcoin,ether;33_matrix_add_float;RING;maldishonest;spdz2k;NA;NA;NA;5;30;103.894;~3693;20.6557;61.9383
bitcoincash,bitcoin,ether;33_matrix_add_float;BINARY;maldishonest;tinier;NA;248400;84601;100;30;61.1311;NA;546.465;NA
bitcoincash,bitcoin,ether;33_matrix_add_float;BINARY;maldishonest;tinier;NA;NA;NA;95;30;63.6767;NA;546.465;NA
bitcoincash,bitcoin,ether;33_matrix_add_float;BINARY;maldishonest;tinier;NA;NA;NA;90;30;66.664;NA;546.465;NA
bitcoincash,bitcoin,ether;33_matrix_add_float;BINARY;maldishonest;real-bmr;NA;248400;84601;100;30;16634.2;NA;1.59e+05;NA
bitcoincash,bitcoin,ether;33_matrix_add_float;BINARY;maldishonest;real-bmr;NA;NA;NA;95;30;17514;NA;1.59e+05;NA
bitcoincash,bitcoin,ether;33_matrix_add_float;BINARY;maldishonest;real-bmr;NA;NA;NA;90;30;18502.7;NA;1.59e+05;NA
bitcoincash,bitcoin,ether;33_matrix_add_float;FIELD;malhonest;malicious-shamir;NA;NA;901;100;30;0.100464;~901;0.0288;0.0864
bitcoincash,bitcoin,ether;33_matrix_add_float;FIELD;malhonest;malicious-shamir;NA;NA;NA;95;30;0.112892;~901;0.0288;0.0864
bitcoincash,bitcoin,ether;33_matrix_add_float;FIELD;malhonest;malicious-shamir;NA;NA;NA;90;30;0.109666;~901;0.0288;0.0864
bitcoincash,bitcoin,ether;33_matrix_add_float;FIELD;malhonest;malicious-shamir;NA;NA;NA;85;30;0.111903;~901;0.0288;0.0864
bitcoincash,bitcoin,ether;33_matrix_add_float;FIELD;malhonest;malicious-shamir;NA;NA;NA;80;30;0.122829;~901;0.0288;0.0864
bitcoincash,bitcoin,ether;33_matrix_add_float;FIELD;malhonest;malicious-shamir;NA;NA;NA;75;30;0.105272;~901;0.0288;0.0864
bitcoincash,bitcoin,ether;33_matrix_add_float;FIELD;malhonest;malicious-shamir;NA;NA;NA;70;30;0.111459;~901;0.0288;0.0864
bitcoincash,bitcoin,ether;33_matrix_add_float;FIELD;malhonest;malicious-shamir;NA;NA;NA;65;30;0.107949;~901;0.0288;0.0864
bitcoincash,bitcoin,ether;33_matrix_add_float;FIELD;malhonest;malicious-shamir;NA;NA;NA;60;30;0.112701;~901;0.0288;0.0864
bitcoincash,bitcoin,ether;33_matrix_add_float;FIELD;malhonest;malicious-shamir;NA;NA;NA;55;30;0.103173;~901;0.0288;0.0864
bitcoincash,bitcoin,ether;33_matrix_add_float;FIELD;malhonest;malicious-shamir;NA;NA;NA;50;30;0.100536;~901;0.0288;0.0864
bitcoincash,bitcoin,ether;33_matrix_add_float;FIELD;malhonest;malicious-shamir;NA;NA;NA;45;30;0.114671;~901;0.0288;0.0864
bitcoincash,bitcoin,ether;33_matrix_add_float;FIELD;malhonest;malicious-shamir;NA;NA;NA;40;30;0.111138;~901;0.0288;0.0864
bitcoincash,bitcoin,ether;33_matrix_add_float;FIELD;malhonest;malicious-shamir;NA;NA;NA;35;30;0.125967;~901;0.0288;0.0864
bitcoincash,bitcoin,ether;33_matrix_add_float;FIELD;malhonest;malicious-shamir;NA;NA;NA;30;30;0.148111;~901;0.0288;0.0864
bitcoincash,bitcoin,ether;33_matrix_add_float;FIELD;malhonest;malicious-shamir;NA;NA;NA;25;30;0.175241;~901;0.0288;0.0864
bitcoincash,bitcoin,ether;33_matrix_add_float;FIELD;malhonest;malicious-shamir;NA;NA;NA;20;30;0.216367;~901;0.0288;0.0864
bitcoincash,bitcoin,ether;33_matrix_add_float;FIELD;malhonest;malicious-shamir;NA;NA;NA;15;30;0.289692;~901;0.0288;0.0864
bitcoincash,bitcoin,ether;33_matrix_add_float;FIELD;malhonest;malicious-shamir;NA;NA;NA;10;30;0.439872;~901;0.0288;0.0864
bitcoincash,bitcoin,ether;33_matrix_add_float;FIELD;malhonest;malicious-shamir;NA;NA;NA;5;30;0.834381;~901;0.0288;0.0864
bitcoincash,bitcoin,ether;33_matrix_add_float;FIELD;malhonest;malicious-rep-field;NA;NA;901;100;30;0.109123;~903;0.014528;0.043584
bitcoincash,bitcoin,ether;33_matrix_add_float;FIELD;malhonest;malicious-rep-field;NA;NA;NA;95;30;0.115108;~903;0.014528;0.043584
bitcoincash,bitcoin,ether;33_matrix_add_float;FIELD;malhonest;malicious-rep-field;NA;NA;NA;90;30;0.0952614;~903;0.014528;0.043584
bitcoincash,bitcoin,ether;33_matrix_add_float;FIELD;malhonest;malicious-rep-field;NA;NA;NA;85;30;0.102728;~903;0.014528;0.043584
bitcoincash,bitcoin,ether;33_matrix_add_float;FIELD;malhonest;malicious-rep-field;NA;NA;NA;80;30;0.130755;~903;0.014528;0.043584
bitcoincash,bitcoin,ether;33_matrix_add_float;FIELD;malhonest;malicious-rep-field;NA;NA;NA;75;30;0.115295;~903;0.014528;0.043584
bitcoincash,bitcoin,ether;33_matrix_add_float;FIELD;malhonest;malicious-rep-field;NA;NA;NA;70;30;0.10795;~903;0.014528;0.043584
bitcoincash,bitcoin,ether;33_matrix_add_float;FIELD;malhonest;malicious-rep-field;NA;NA;NA;65;30;0.10867;~903;0.014528;0.043584
bitcoincash,bitcoin,ether;33_matrix_add_float;FIELD;malhonest;malicious-rep-field;NA;NA;NA;60;30;0.100016;~903;0.014528;0.043584
bitcoincash,bitcoin,ether;33_matrix_add_float;FIELD;malhonest;malicious-rep-field;NA;NA;NA;55;30;0.103685;~903;0.014528;0.043584
bitcoincash,bitcoin,ether;33_matrix_add_float;FIELD;malhonest;malicious-rep-field;NA;NA;NA;50;30;0.102331;~903;0.014528;0.043584
bitcoincash,bitcoin,ether;33_matrix_add_float;FIELD;malhonest;malicious-rep-field;NA;NA;NA;45;30;0.103528;~903;0.014528;0.043584
bitcoincash,bitcoin,ether;33_matrix_add_float;FIELD;malhonest;malicious-rep-field;NA;NA;NA;40;30;0.109223;~903;0.014528;0.043584
bitcoincash,bitcoin,ether;33_matrix_add_float;FIELD;malhonest;malicious-rep-field;NA;NA;NA;35;30;0.103449;~903;0.014528;0.043584
bitcoincash,bitcoin,ether;33_matrix_add_float;FIELD;malhonest;malicious-rep-field;NA;NA;NA;30;30;0.105418;~903;0.014528;0.043584
bitcoincash,bitcoin,ether;33_matrix_add_float;FIELD;malhonest;malicious-rep-field;NA;NA;NA;25;30;0.103363;~903;0.014528;0.043584
bitcoincash,bitcoin,ether;33_matrix_add_float;FIELD;malhonest;malicious-rep-field;NA;NA;NA;20;30;0.147503;~903;0.014528;0.043584
bitcoincash,bitcoin,ether;33_matrix_add_float;FIELD;malhonest;malicious-rep-field;NA;NA;NA;15;30;0.118642;~903;0.014528;0.043584
bitcoincash,bitcoin,ether;33_matrix_add_float;FIELD;malhonest;malicious-rep-field;NA;NA;NA;10;30;0.180819;~903;0.014528;0.043584
bitcoincash,bitcoin,ether;33_matrix_add_float;FIELD;malhonest;malicious-rep-field;NA;NA;NA;5;30;0.389124;~903;0.014528;0.043584
bitcoincash,bitcoin,ether;33_matrix_add_float;FIELD;malhonest;ps-rep-field;NA;NA;901;100;30;0.0965576;~903;0.014528;0.043584
bitcoincash,bitcoin,ether;33_matrix_add_float;FIELD;malhonest;ps-rep-field;NA;NA;NA;95;30;0.106567;~903;0.014528;0.043584
bitcoincash,bitcoin,ether;33_matrix_add_float;FIELD;malhonest;ps-rep-field;NA;NA;NA;90;30;0.111533;~903;0.014528;0.043584
bitcoincash,bitcoin,ether;33_matrix_add_float;FIELD;malhonest;ps-rep-field;NA;NA;NA;85;30;0.106106;~903;0.014528;0.043584
bitcoincash,bitcoin,ether;33_matrix_add_float;FIELD;malhonest;ps-rep-field;NA;NA;NA;80;30;0.100668;~903;0.014528;0.043584
bitcoincash,bitcoin,ether;33_matrix_add_float;FIELD;malhonest;ps-rep-field;NA;NA;NA;75;30;0.103551;~903;0.014528;0.043584
bitcoincash,bitcoin,ether;33_matrix_add_float;FIELD;malhonest;ps-rep-field;NA;NA;NA;70;30;0.103466;~903;0.014528;0.043584
bitcoincash,bitcoin,ether;33_matrix_add_float;FIELD;malhonest;ps-rep-field;NA;NA;NA;65;30;0.0979255;~903;0.014528;0.043584
bitcoincash,bitcoin,ether;33_matrix_add_float;FIELD;malhonest;ps-rep-field;NA;NA;NA;60;30;0.105379;~903;0.014528;0.043584
bitcoincash,bitcoin,ether;33_matrix_add_float;FIELD;malhonest;ps-rep-field;NA;NA;NA;55;30;0.112122;~903;0.014528;0.043584
bitcoincash,bitcoin,ether;33_matrix_add_float;FIELD;malhonest;ps-rep-field;NA;NA;NA;50;30;0.0911552;~903;0.014528;0.043584
bitcoincash,bitcoin,ether;33_matrix_add_float;FIELD;malhonest;ps-rep-field;NA;NA;NA;45;30;0.107148;~903;0.014528;0.043584
bitcoincash,bitcoin,ether;33_matrix_add_float;FIELD;malhonest;ps-rep-field;NA;NA;NA;40;30;0.107927;~903;0.014528;0.043584
bitcoincash,bitcoin,ether;33_matrix_add_float;FIELD;malhonest;ps-rep-field;NA;NA;NA;35;30;0.0940363;~903;0.014528;0.043584
bitcoincash,bitcoin,ether;33_matrix_add_float;FIELD;malhonest;ps-rep-field;NA;NA;NA;30;30;0.10161;~903;0.014528;0.043584
bitcoincash,bitcoin,ether;33_matrix_add_float;FIELD;malhonest;ps-rep-field;NA;NA;NA;25;30;0.105646;~903;0.014528;0.043584
bitcoincash,bitcoin,ether;33_matrix_add_float;FIELD;malhonest;ps-rep-field;NA;NA;NA;20;30;0.104197;~903;0.014528;0.043584
bitcoincash,bitcoin,ether;33_matrix_add_float;FIELD;malhonest;ps-rep-field;NA;NA;NA;15;30;0.11273;~903;0.014528;0.043584
bitcoincash,bitcoin,ether;33_matrix_add_float;FIELD;malhonest;ps-rep-field;NA;NA;NA;10;30;0.180807;~903;0.014528;0.043584
bitcoincash,bitcoin,ether;33_matrix_add_float;FIELD;malhonest;ps-rep-field;NA;NA;NA;5;30;0.389928;~903;0.014528;0.043584
bitcoincash,bitcoin,ether;33_matrix_add_float;FIELD;malhonest;sy-rep-field;NA;NA;901;100;30;0.107262;~908;0.036224;0.108672
bitcoincash,bitcoin,ether;33_matrix_add_float;FIELD;malhonest;sy-rep-field;NA;NA;NA;95;30;0.103208;~908;0.036224;0.108672
bitcoincash,bitcoin,ether;33_matrix_add_float;FIELD;malhonest;sy-rep-field;NA;NA;NA;90;30;0.10237;~908;0.036224;0.108672
bitcoincash,bitcoin,ether;33_matrix_add_float;FIELD;malhonest;sy-rep-field;NA;NA;NA;85;30;0.101109;~908;0.036224;0.108672
bitcoincash,bitcoin,ether;33_matrix_add_float;FIELD;malhonest;sy-rep-field;NA;NA;NA;80;30;0.1046;~908;0.036224;0.108672
bitcoincash,bitcoin,ether;33_matrix_add_float;FIELD;malhonest;sy-rep-field;NA;NA;NA;75;30;0.108172;~908;0.036224;0.108672
bitcoincash,bitcoin,ether;33_matrix_add_float;FIELD;malhonest;sy-rep-field;NA;NA;NA;70;30;0.113468;~908;0.036224;0.108672
bitcoincash,bitcoin,ether;33_matrix_add_float;FIELD;malhonest;sy-rep-field;NA;NA;NA;65;30;0.101285;~908;0.036224;0.108672
bitcoincash,bitcoin,ether;33_matrix_add_float;FIELD;malhonest;sy-rep-field;NA;NA;NA;60;30;0.111101;~908;0.036224;0.108672
bitcoincash,bitcoin,ether;33_matrix_add_float;FIELD;malhonest;sy-rep-field;NA;NA;NA;55;30;0.0989717;~908;0.036224;0.108672
bitcoincash,bitcoin,ether;33_matrix_add_float;FIELD;malhonest;sy-rep-field;NA;NA;NA;50;30;0.113978;~908;0.036224;0.108672
bitcoincash,bitcoin,ether;33_matrix_add_float;FIELD;malhonest;sy-rep-field;NA;NA;NA;45;30;0.107083;~908;0.036224;0.108672
bitcoincash,bitcoin,ether;33_matrix_add_float;FIELD;malhonest;sy-rep-field;NA;NA;NA;40;30;0.10557;~908;0.036224;0.108672
bitcoincash,bitcoin,ether;33_matrix_add_float;FIELD;malhonest;sy-rep-field;NA;NA;NA;35;30;0.100486;~908;0.036224;0.108672
bitcoincash,bitcoin,ether;33_matrix_add_float;FIELD;malhonest;sy-rep-field;NA;NA;NA;30;30;0.108767;~908;0.036224;0.108672
bitcoincash,bitcoin,ether;33_matrix_add_float;FIELD;malhonest;sy-rep-field;NA;NA;NA;25;30;0.112173;~908;0.036224;0.108672
bitcoincash,bitcoin,ether;33_matrix_add_float;FIELD;malhonest;sy-rep-field;NA;NA;NA;20;30;0.105232;~908;0.036224;0.108672
bitcoincash,bitcoin,ether;33_matrix_add_float;FIELD;malhonest;sy-rep-field;NA;NA;NA;15;30;0.130364;~908;0.036224;0.108672
bitcoincash,bitcoin,ether;33_matrix_add_float;FIELD;malhonest;sy-rep-field;NA;NA;NA;10;30;0.217382;~908;0.036224;0.108672
bitcoincash,bitcoin,ether;33_matrix_add_float;FIELD;malhonest;sy-rep-field;NA;NA;NA;5;30;0.442603;~908;0.036224;0.108672
bitcoincash,bitcoin,ether;33_matrix_add_float;RING;malhonest;brain;NA;NA;901;100;30;0.101023;~903;0.014528;0.043584
bitcoincash,bitcoin,ether;33_matrix_add_float;RING;malhonest;brain;NA;NA;NA;95;30;0.102251;~903;0.014528;0.043584
bitcoincash,bitcoin,ether;33_matrix_add_float;RING;malhonest;brain;NA;NA;NA;90;30;0.107929;~903;0.014528;0.043584
bitcoincash,bitcoin,ether;33_matrix_add_float;RING;malhonest;brain;NA;NA;NA;85;30;0.0954358;~903;0.014528;0.043584
bitcoincash,bitcoin,ether;33_matrix_add_float;RING;malhonest;brain;NA;NA;NA;80;30;0.104934;~903;0.014528;0.043584
bitcoincash,bitcoin,ether;33_matrix_add_float;RING;malhonest;brain;NA;NA;NA;75;30;0.0995997;~903;0.014528;0.043584
bitcoincash,bitcoin,ether;33_matrix_add_float;RING;malhonest;brain;NA;NA;NA;70;30;0.0998976;~903;0.014528;0.043584
bitcoincash,bitcoin,ether;33_matrix_add_float;RING;malhonest;brain;NA;NA;NA;65;30;0.0936435;~903;0.014528;0.043584
bitcoincash,bitcoin,ether;33_matrix_add_float;RING;malhonest;brain;NA;NA;NA;60;30;0.0997074;~903;0.014528;0.043584
bitcoincash,bitcoin,ether;33_matrix_add_float;RING;malhonest;brain;NA;NA;NA;55;30;0.100048;~903;0.014528;0.043584
bitcoincash,bitcoin,ether;33_matrix_add_float;RING;malhonest;brain;NA;NA;NA;50;30;0.0974215;~903;0.014528;0.043584
bitcoincash,bitcoin,ether;33_matrix_add_float;RING;malhonest;brain;NA;NA;NA;45;30;0.100628;~903;0.014528;0.043584
bitcoincash,bitcoin,ether;33_matrix_add_float;RING;malhonest;brain;NA;NA;NA;40;30;0.106108;~903;0.014528;0.043584
bitcoincash,bitcoin,ether;33_matrix_add_float;RING;malhonest;brain;NA;NA;NA;35;30;0.098101;~903;0.014528;0.043584
bitcoincash,bitcoin,ether;33_matrix_add_float;RING;malhonest;brain;NA;NA;NA;30;30;0.0948327;~903;0.014528;0.043584
bitcoincash,bitcoin,ether;33_matrix_add_float;RING;malhonest;brain;NA;NA;NA;25;30;0.109647;~903;0.014528;0.043584
bitcoincash,bitcoin,ether;33_matrix_add_float;RING;malhonest;brain;NA;NA;NA;20;30;0.10715;~903;0.014528;0.043584
bitcoincash,bitcoin,ether;33_matrix_add_float;RING;malhonest;brain;NA;NA;NA;15;30;0.111036;~903;0.014528;0.043584
bitcoincash,bitcoin,ether;33_matrix_add_float;RING;malhonest;brain;NA;NA;NA;10;30;0.183994;~903;0.014528;0.043584
bitcoincash,bitcoin,ether;33_matrix_add_float;RING;malhonest;brain;NA;NA;NA;5;30;0.381371;~903;0.014528;0.043584
bitcoincash,bitcoin,ether;33_matrix_add_float;RING;malhonest;malicious-rep-ring;NA;NA;901;100;30;0.111819;~903;0.014528;0.043584
bitcoincash,bitcoin,ether;33_matrix_add_float;RING;malhonest;malicious-rep-ring;NA;NA;NA;95;30;0.0985232;~903;0.014528;0.043584
bitcoincash,bitcoin,ether;33_matrix_add_float;RING;malhonest;malicious-rep-ring;NA;NA;NA;90;30;0.116684;~903;0.014528;0.043584
bitcoincash,bitcoin,ether;33_matrix_add_float;RING;malhonest;malicious-rep-ring;NA;NA;NA;85;30;0.104553;~903;0.014528;0.043584
bitcoincash,bitcoin,ether;33_matrix_add_float;RING;malhonest;malicious-rep-ring;NA;NA;NA;80;30;0.0966698;~903;0.014528;0.043584
bitcoincash,bitcoin,ether;33_matrix_add_float;RING;malhonest;malicious-rep-ring;NA;NA;NA;75;30;0.106365;~903;0.014528;0.043584
bitcoincash,bitcoin,ether;33_matrix_add_float;RING;malhonest;malicious-rep-ring;NA;NA;NA;70;30;0.0964207;~903;0.014528;0.043584
bitcoincash,bitcoin,ether;33_matrix_add_float;RING;malhonest;malicious-rep-ring;NA;NA;NA;65;30;0.100176;~903;0.014528;0.043584
bitcoincash,bitcoin,ether;33_matrix_add_float;RING;malhonest;malicious-rep-ring;NA;NA;NA;60;30;0.0922466;~903;0.014528;0.043584
bitcoincash,bitcoin,ether;33_matrix_add_float;RING;malhonest;malicious-rep-ring;NA;NA;NA;55;30;0.109947;~903;0.014528;0.043584
bitcoincash,bitcoin,ether;33_matrix_add_float;RING;malhonest;malicious-rep-ring;NA;NA;NA;50;30;0.103045;~903;0.014528;0.043584
bitcoincash,bitcoin,ether;33_matrix_add_float;RING;malhonest;malicious-rep-ring;NA;NA;NA;45;30;0.0997296;~903;0.014528;0.043584
bitcoincash,bitcoin,ether;33_matrix_add_float;RING;malhonest;malicious-rep-ring;NA;NA;NA;40;30;0.0961194;~903;0.014528;0.043584
bitcoincash,bitcoin,ether;33_matrix_add_float;RING;malhonest;malicious-rep-ring;NA;NA;NA;35;30;0.10508;~903;0.014528;0.043584
bitcoincash,bitcoin,ether;33_matrix_add_float;RING;malhonest;malicious-rep-ring;NA;NA;NA;30;30;0.105182;~903;0.014528;0.043584
bitcoincash,bitcoin,ether;33_matrix_add_float;RING;malhonest;malicious-rep-ring;NA;NA;NA;25;30;0.0990814;~903;0.014528;0.043584
bitcoincash,bitcoin,ether;33_matrix_add_float;RING;malhonest;malicious-rep-ring;NA;NA;NA;20;30;0.0999253;~903;0.014528;0.043584
bitcoincash,bitcoin,ether;33_matrix_add_float;RING;malhonest;malicious-rep-ring;NA;NA;NA;15;30;0.107908;~903;0.014528;0.043584
bitcoincash,bitcoin,ether;33_matrix_add_float;RING;malhonest;malicious-rep-ring;NA;NA;NA;10;30;0.182232;~903;0.014528;0.043584
bitcoincash,bitcoin,ether;33_matrix_add_float;RING;malhonest;malicious-rep-ring;NA;NA;NA;5;30;0.382598;~903;0.014528;0.043584
bitcoincash,bitcoin,ether;33_matrix_add_float;RING;malhonest;ps-rep-ring;NA;NA;901;100;30;0.096229;~903;0.014528;0.043584
bitcoincash,bitcoin,ether;33_matrix_add_float;RING;malhonest;ps-rep-ring;NA;NA;NA;95;30;0.0987107;~903;0.014528;0.043584
bitcoincash,bitcoin,ether;33_matrix_add_float;RING;malhonest;ps-rep-ring;NA;NA;NA;90;30;0.102857;~903;0.014528;0.043584
bitcoincash,bitcoin,ether;33_matrix_add_float;RING;malhonest;ps-rep-ring;NA;NA;NA;85;30;0.0938526;~903;0.014528;0.043584
bitcoincash,bitcoin,ether;33_matrix_add_float;RING;malhonest;ps-rep-ring;NA;NA;NA;80;30;0.0944219;~903;0.014528;0.043584
bitcoincash,bitcoin,ether;33_matrix_add_float;RING;malhonest;ps-rep-ring;NA;NA;NA;75;30;0.114306;~903;0.014528;0.043584
bitcoincash,bitcoin,ether;33_matrix_add_float;RING;malhonest;ps-rep-ring;NA;NA;NA;70;30;0.10335;~903;0.014528;0.043584
bitcoincash,bitcoin,ether;33_matrix_add_float;RING;malhonest;ps-rep-ring;NA;NA;NA;65;30;0.112018;~903;0.014528;0.043584
bitcoincash,bitcoin,ether;33_matrix_add_float;RING;malhonest;ps-rep-ring;NA;NA;NA;60;30;0.0994612;~903;0.014528;0.043584
bitcoincash,bitcoin,ether;33_matrix_add_float;RING;malhonest;ps-rep-ring;NA;NA;NA;55;30;0.100688;~903;0.014528;0.043584
bitcoincash,bitcoin,ether;33_matrix_add_float;RING;malhonest;ps-rep-ring;NA;NA;NA;50;30;0.0999668;~903;0.014528;0.043584
bitcoincash,bitcoin,ether;33_matrix_add_float;RING;malhonest;ps-rep-ring;NA;NA;NA;45;30;0.0949561;~903;0.014528;0.043584
bitcoincash,bitcoin,ether;33_matrix_add_float;RING;malhonest;ps-rep-ring;NA;NA;NA;40;30;0.10143;~903;0.014528;0.043584
bitcoincash,bitcoin,ether;33_matrix_add_float;RING;malhonest;ps-rep-ring;NA;NA;NA;35;30;0.101028;~903;0.014528;0.043584
bitcoincash,bitcoin,ether;33_matrix_add_float;RING;malhonest;ps-rep-ring;NA;NA;NA;30;30;0.105622;~903;0.014528;0.043584
bitcoincash,bitcoin,ether;33_matrix_add_float;RING;malhonest;ps-rep-ring;NA;NA;NA;25;30;0.0985011;~903;0.014528;0.043584
bitcoincash,bitcoin,ether;33_matrix_add_float;RING;malhonest;ps-rep-ring;NA;NA;NA;20;30;0.102575;~903;0.014528;0.043584
bitcoincash,bitcoin,ether;33_matrix_add_float;RING;malhonest;ps-rep-ring;NA;NA;NA;15;30;0.113203;~903;0.014528;0.043584
bitcoincash,bitcoin,ether;33_matrix_add_float;RING;malhonest;ps-rep-ring;NA;NA;NA;10;30;0.186014;~903;0.014528;0.043584
bitcoincash,bitcoin,ether;33_matrix_add_float;RING;malhonest;ps-rep-ring;NA;NA;NA;5;30;0.387471;~903;0.014528;0.043584
bitcoincash,bitcoin,ether;33_matrix_add_float;RING;malhonest;sy-rep-ring;NA;NA;901;100;30;0.104064;~927;0.065522;0.195214
bitcoincash,bitcoin,ether;33_matrix_add_float;RING;malhonest;sy-rep-ring;NA;NA;NA;95;30;0.101125;~927;0.065522;0.195214
bitcoincash,bitcoin,ether;33_matrix_add_float;RING;malhonest;sy-rep-ring;NA;NA;NA;90;30;0.101373;~927;0.065522;0.195214
bitcoincash,bitcoin,ether;33_matrix_add_float;RING;malhonest;sy-rep-ring;NA;NA;NA;85;30;0.13201;~927;0.065522;0.195214
bitcoincash,bitcoin,ether;33_matrix_add_float;RING;malhonest;sy-rep-ring;NA;NA;NA;80;30;0.107972;~927;0.065522;0.195214
bitcoincash,bitcoin,ether;33_matrix_add_float;RING;malhonest;sy-rep-ring;NA;NA;NA;75;30;0.117473;~927;0.065522;0.195214
bitcoincash,bitcoin,ether;33_matrix_add_float;RING;malhonest;sy-rep-ring;NA;NA;NA;70;30;0.0999163;~927;0.065522;0.195214
bitcoincash,bitcoin,ether;33_matrix_add_float;RING;malhonest;sy-rep-ring;NA;NA;NA;65;30;0.112602;~927;0.065522;0.195214
bitcoincash,bitcoin,ether;33_matrix_add_float;RING;malhonest;sy-rep-ring;NA;NA;NA;60;30;0.112159;~927;0.065522;0.195214
bitcoincash,bitcoin,ether;33_matrix_add_float;RING;malhonest;sy-rep-ring;NA;NA;NA;55;30;0.114707;~927;0.065522;0.195214
bitcoincash,bitcoin,ether;33_matrix_add_float;RING;malhonest;sy-rep-ring;NA;NA;NA;50;30;0.103398;~927;0.065522;0.195214
bitcoincash,bitcoin,ether;33_matrix_add_float;RING;malhonest;sy-rep-ring;NA;NA;NA;45;30;0.107383;~927;0.065522;0.195214
bitcoincash,bitcoin,ether;33_matrix_add_float;RING;malhonest;sy-rep-ring;NA;NA;NA;40;30;0.10515;~927;0.065522;0.195214
bitcoincash,bitcoin,ether;33_matrix_add_float;RING;malhonest;sy-rep-ring;NA;NA;NA;35;30;0.108421;~927;0.065522;0.195214
bitcoincash,bitcoin,ether;33_matrix_add_float;RING;malhonest;sy-rep-ring;NA;NA;NA;30;30;0.114819;~927;0.065522;0.195214
bitcoincash,bitcoin,ether;33_matrix_add_float;RING;malhonest;sy-rep-ring;NA;NA;NA;25;30;0.101453;~927;0.065522;0.195214
bitcoincash,bitcoin,ether;33_matrix_add_float;RING;malhonest;sy-rep-ring;NA;NA;NA;20;30;0.109056;~927;0.065522;0.195214
bitcoincash,bitcoin,ether;33_matrix_add_float;RING;malhonest;sy-rep-ring;NA;NA;NA;15;30;0.155972;~927;0.065522;0.195214
bitcoincash,bitcoin,ether;33_matrix_add_float;RING;malhonest;sy-rep-ring;NA;NA;NA;10;30;0.258309;~927;0.065522;0.195214
bitcoincash,bitcoin,ether;33_matrix_add_float;RING;malhonest;sy-rep-ring;NA;NA;NA;5;30;0.522808;~927;0.065522;0.195214
bitcoincash,bitcoin,ether;33_matrix_add_float;BINARY;semidishonest;semi-bin;NA;248400;84601;100;30;7.58336;NA;29.74;NA
bitcoincash,bitcoin,ether;33_matrix_add_float;BINARY;semidishonest;semi-bin;NA;NA;NA;95;30;7.62983;NA;29.74;NA
bitcoincash,bitcoin,ether;33_matrix_add_float;BINARY;semidishonest;semi-bin;NA;NA;NA;90;30;8.25144;NA;29.74;NA
bitcoincash,bitcoin,ether;33_matrix_add_float;BINARY;semidishonest;semi-bin;NA;NA;NA;85;30;7.96556;NA;29.74;NA
bitcoincash,bitcoin,ether;33_matrix_add_float;BINARY;semidishonest;semi-bin;NA;NA;NA;80;30;8.63433;NA;29.74;NA
bitcoincash,bitcoin,ether;33_matrix_add_float;BINARY;semidishonest;semi-bin;NA;NA;NA;75;30;8.88115;NA;29.74;NA
bitcoincash,bitcoin,ether;33_matrix_add_float;BINARY;semidishonest;semi-bin;NA;NA;NA;70;30;8.40363;NA;29.74;NA
bitcoincash,bitcoin,ether;33_matrix_add_float;BINARY;semidishonest;semi-bin;NA;NA;NA;65;30;8.64622;NA;29.74;NA
bitcoincash,bitcoin,ether;33_matrix_add_float;BINARY;semidishonest;semi-bin;NA;NA;NA;60;30;9.70561;NA;29.74;NA
bitcoincash,bitcoin,ether;33_matrix_add_float;BINARY;semidishonest;semi-bin;NA;NA;NA;55;30;9.08292;NA;29.74;NA
bitcoincash,bitcoin,ether;33_matrix_add_float;BINARY;semidishonest;semi-bin;NA;NA;NA;50;30;10.6476;NA;29.74;NA
bitcoincash,bitcoin,ether;33_matrix_add_float;BINARY;semidishonest;semi-bin;NA;NA;NA;45;30;9.92881;NA;29.74;NA
bitcoincash,bitcoin,ether;33_matrix_add_float;BINARY;semidishonest;semi-bin;NA;NA;NA;40;30;11.0314;NA;29.74;NA
bitcoincash,bitcoin,ether;33_matrix_add_float;BINARY;semidishonest;semi-bin;NA;NA;NA;35;30;10.963;NA;29.74;NA
bitcoincash,bitcoin,ether;33_matrix_add_float;BINARY;semidishonest;semi-bin;NA;NA;NA;30;30;12.5344;NA;29.74;NA
bitcoincash,bitcoin,ether;33_matrix_add_float;BINARY;semidishonest;semi-bin;NA;NA;NA;25;30;14.9617;NA;29.74;NA
bitcoincash,bitcoin,ether;33_matrix_add_float;BINARY;semidishonest;semi-bin;NA;NA;NA;20;30;18.3999;NA;29.74;NA
bitcoincash,bitcoin,ether;33_matrix_add_float;BINARY;semidishonest;semi-bin;NA;NA;NA;15;30;24.5186;NA;29.74;NA
bitcoincash,bitcoin,ether;33_matrix_add_float;BINARY;semidishonest;semi-bin;NA;NA;NA;10;30;36.796;NA;29.74;NA
bitcoincash,bitcoin,ether;33_matrix_add_float;BINARY;semidishonest;semi-bin;NA;NA;NA;5;30;73.2594;NA;29.74;NA
bitcoincash,bitcoin,ether;33_matrix_add_float;BINARY;malhonest;malicious-rep-bin;NA;248400;84601;100;30;4.95011;NA;4.83932;NA
bitcoincash,bitcoin,ether;33_matrix_add_float;BINARY;malhonest;malicious-rep-bin;NA;NA;NA;95;30;4.19703;NA;4.83932;NA
bitcoincash,bitcoin,ether;33_matrix_add_float;BINARY;malhonest;malicious-rep-bin;NA;NA;NA;90;30;5.19467;NA;4.83932;NA
bitcoincash,bitcoin,ether;33_matrix_add_float;BINARY;malhonest;malicious-rep-bin;NA;NA;NA;85;30;4.27449;NA;4.83932;NA
bitcoincash,bitcoin,ether;33_matrix_add_float;BINARY;malhonest;malicious-rep-bin;NA;NA;NA;80;30;4.92568;NA;4.83932;NA
bitcoincash,bitcoin,ether;33_matrix_add_float;BINARY;malhonest;malicious-rep-bin;NA;NA;NA;75;30;4.23346;NA;4.83932;NA
bitcoincash,bitcoin,ether;33_matrix_add_float;BINARY;malhonest;malicious-rep-bin;NA;NA;NA;70;30;4.52425;NA;4.83932;NA
bitcoincash,bitcoin,ether;33_matrix_add_float;BINARY;malhonest;malicious-rep-bin;NA;NA;NA;65;30;4.72781;NA;4.83932;NA
bitcoincash,bitcoin,ether;33_matrix_add_float;BINARY;malhonest;malicious-rep-bin;NA;NA;NA;60;30;5.6576;NA;4.83932;NA
bitcoincash,bitcoin,ether;33_matrix_add_float;BINARY;malhonest;malicious-rep-bin;NA;NA;NA;55;30;4.81206;NA;4.83932;NA
bitcoincash,bitcoin,ether;33_matrix_add_float;BINARY;malhonest;malicious-rep-bin;NA;NA;NA;50;30;4.63435;NA;4.83932;NA
bitcoincash,bitcoin,ether;33_matrix_add_float;BINARY;malhonest;malicious-rep-bin;NA;NA;NA;45;30;4.80378;NA;4.83932;NA
bitcoincash,bitcoin,ether;33_matrix_add_float;BINARY;malhonest;malicious-rep-bin;NA;NA;NA;40;30;4.93182;NA;4.83932;NA
bitcoincash,bitcoin,ether;33_matrix_add_float;BINARY;malhonest;malicious-rep-bin;NA;NA;NA;35;30;5.22976;NA;4.83932;NA
bitcoincash,bitcoin,ether;33_matrix_add_float;BINARY;malhonest;malicious-rep-bin;NA;NA;NA;30;30;4.84594;NA;4.83932;NA
bitcoincash,bitcoin,ether;33_matrix_add_float;BINARY;malhonest;malicious-rep-bin;NA;NA;NA;25;30;5.09923;NA;4.83932;NA
bitcoincash,bitcoin,ether;33_matrix_add_float;BINARY;malhonest;malicious-rep-bin;NA;NA;NA;20;30;6.55909;NA;4.83932;NA
bitcoincash,bitcoin,ether;33_matrix_add_float;BINARY;malhonest;malicious-rep-bin;NA;NA;NA;15;30;8.84452;NA;4.83932;NA
bitcoincash,bitcoin,ether;33_matrix_add_float;BINARY;malhonest;malicious-rep-bin;NA;NA;NA;10;30;13.2507;NA;4.83932;NA
bitcoincash,bitcoin,ether;33_matrix_add_float;BINARY;malhonest;malicious-rep-bin;NA;NA;NA;5;30;26.5409;NA;4.83932;NA
bitcoincash,bitcoin,ether;33_matrix_add_float;BINARY;malhonest;malicious-ccd;NA;248400;84601;100;30;7.59247;NA;30.8438;NA
bitcoincash,bitcoin,ether;33_matrix_add_float;BINARY;malhonest;malicious-ccd;NA;NA;NA;95;30;7.57849;NA;30.8438;NA
bitcoincash,bitcoin,ether;33_matrix_add_float;BINARY;malhonest;malicious-ccd;NA;NA;NA;90;30;7.84119;NA;30.8438;NA
bitcoincash,bitcoin,ether;33_matrix_add_float;BINARY;malhonest;malicious-ccd;NA;NA;NA;85;30;7.95741;NA;30.8438;NA
bitcoincash,bitcoin,ether;33_matrix_add_float;BINARY;malhonest;malicious-ccd;NA;NA;NA;80;30;8.18178;NA;30.8438;NA
bitcoincash,bitcoin,ether;33_matrix_add_float;BINARY;malhonest;malicious-ccd;NA;NA;NA;75;30;8.08522;NA;30.8438;NA
bitcoincash,bitcoin,ether;33_matrix_add_float;BINARY;malhonest;malicious-ccd;NA;NA;NA;70;30;8.30115;NA;30.8438;NA
bitcoincash,bitcoin,ether;33_matrix_add_float;BINARY;malhonest;malicious-ccd;NA;NA;NA;65;30;8.47701;NA;30.8438;NA
bitcoincash,bitcoin,ether;33_matrix_add_float;BINARY;malhonest;malicious-ccd;NA;NA;NA;60;30;8.68489;NA;30.8438;NA
bitcoincash,bitcoin,ether;33_matrix_add_float;BINARY;malhonest;malicious-ccd;NA;NA;NA;55;30;9.079;NA;30.8438;NA
bitcoincash,bitcoin,ether;33_matrix_add_float;BINARY;malhonest;malicious-ccd;NA;NA;NA;50;30;9.48308;NA;30.8438;NA
bitcoincash,bitcoin,ether;33_matrix_add_float;BINARY;malhonest;malicious-ccd;NA;NA;NA;45;30;9.9434;NA;30.8438;NA
bitcoincash,bitcoin,ether;33_matrix_add_float;BINARY;malhonest;malicious-ccd;NA;NA;NA;40;30;11.0939;NA;30.8438;NA
bitcoincash,bitcoin,ether;33_matrix_add_float;BINARY;malhonest;malicious-ccd;NA;NA;NA;35;30;12.6485;NA;30.8438;NA
bitcoincash,bitcoin,ether;33_matrix_add_float;BINARY;malhonest;malicious-ccd;NA;NA;NA;30;30;14.717;NA;30.8438;NA
bitcoincash,bitcoin,ether;33_matrix_add_float;BINARY;malhonest;malicious-ccd;NA;NA;NA;25;30;17.5912;NA;30.8438;NA
bitcoincash,bitcoin,ether;33_matrix_add_float;BINARY;malhonest;malicious-ccd;NA;NA;NA;20;30;22.0773;NA;30.8438;NA
bitcoincash,bitcoin,ether;33_matrix_add_float;BINARY;malhonest;malicious-ccd;NA;NA;NA;15;30;29.4098;NA;30.8438;NA
bitcoincash,bitcoin,ether;33_matrix_add_float;BINARY;malhonest;malicious-ccd;NA;NA;NA;10;30;43.8007;NA;30.8438;NA
bitcoincash,bitcoin,ether;33_matrix_add_float;BINARY;malhonest;malicious-ccd;NA;NA;NA;5;30;86.9773;NA;30.8438;NA
bitcoincash,bitcoin,ether;33_matrix_add_float;BINARY;malhonest;ps-rep-bin;NA;248400;84601;100;30;12.6441;NA;71.3718;NA
bitcoincash,bitcoin,ether;33_matrix_add_float;BINARY;malhonest;ps-rep-bin;NA;NA;NA;95;30;12.4166;NA;71.3718;NA
bitcoincash,bitcoin,ether;33_matrix_add_float;BINARY;malhonest;ps-rep-bin;NA;NA;NA;90;30;12.9013;NA;71.3718;NA
bitcoincash,bitcoin,ether;33_matrix_add_float;BINARY;malhonest;ps-rep-bin;NA;NA;NA;85;30;13.6345;NA;71.3718;NA
bitcoincash,bitcoin,ether;33_matrix_add_float;BINARY;malhonest;ps-rep-bin;NA;NA;NA;80;30;13.9778;NA;71.3718;NA
bitcoincash,bitcoin,ether;33_matrix_add_float;BINARY;malhonest;ps-rep-bin;NA;NA;NA;75;30;14.2747;NA;71.3718;NA
bitcoincash,bitcoin,ether;33_matrix_add_float;BINARY;malhonest;ps-rep-bin;NA;NA;NA;70;30;14.7133;NA;71.3718;NA
bitcoincash,bitcoin,ether;33_matrix_add_float;BINARY;malhonest;ps-rep-bin;NA;NA;NA;65;30;15.552;NA;71.3718;NA
bitcoincash,bitcoin,ether;33_matrix_add_float;BINARY;malhonest;ps-rep-bin;NA;NA;NA;60;30;16.2448;NA;71.3718;NA
bitcoincash,bitcoin,ether;33_matrix_add_float;BINARY;malhonest;ps-rep-bin;NA;NA;NA;55;30;17.1511;NA;71.3718;NA
bitcoincash,bitcoin,ether;33_matrix_add_float;BINARY;malhonest;ps-rep-bin;NA;NA;NA;50;30;18.3174;NA;71.3718;NA
bitcoincash,bitcoin,ether;33_matrix_add_float;BINARY;malhonest;ps-rep-bin;NA;NA;NA;45;30;19.9728;NA;71.3718;NA
bitcoincash,bitcoin,ether;33_matrix_add_float;BINARY;malhonest;ps-rep-bin;NA;NA;NA;40;30;21.4352;NA;71.3718;NA
bitcoincash,bitcoin,ether;33_matrix_add_float;BINARY;malhonest;ps-rep-bin;NA;NA;NA;35;30;23.2113;NA;71.3718;NA
bitcoincash,bitcoin,ether;33_matrix_add_float;BINARY;malhonest;ps-rep-bin;NA;NA;NA;30;30;26.274;NA;71.3718;NA
bitcoincash,bitcoin,ether;33_matrix_add_float;BINARY;malhonest;ps-rep-bin;NA;NA;NA;25;30;30.0849;NA;71.3718;NA
bitcoincash,bitcoin,ether;33_matrix_add_float;BINARY;malhonest;ps-rep-bin;NA;NA;NA;20;30;36.0517;NA;71.3718;NA
bitcoincash,bitcoin,ether;33_matrix_add_float;BINARY;malhonest;ps-rep-bin;NA;NA;NA;15;30;47.3886;NA;71.3718;NA
bitcoincash,bitcoin,ether;33_matrix_add_float;BINARY;malhonest;ps-rep-bin;NA;NA;NA;10;30;71.3836;NA;71.3718;NA
bitcoincash,bitcoin,ether;33_matrix_add_float;BINARY;malhonest;ps-rep-bin;NA;NA;NA;5;30;141.74;NA;71.3718;NA
bitcoincash,bitcoin,ether;33_matrix_add_float;BINARY;malhonest;mal-shamir-bmr;NA;248400;84601;100;30;106.418;NA;1.04e+03;NA
bitcoincash,bitcoin,ether;33_matrix_add_float;BINARY;malhonest;mal-shamir-bmr;NA;NA;NA;95;30;110.6;NA;1.04e+03;NA
bitcoincash,bitcoin,ether;33_matrix_add_float;BINARY;malhonest;mal-shamir-bmr;NA;NA;NA;90;30;114.932;NA;1.04e+03;NA
bitcoincash,bitcoin,ether;33_matrix_add_float;BINARY;malhonest;mal-shamir-bmr;NA;NA;NA;85;30;119.611;NA;1.04e+03;NA
bitcoincash,bitcoin,ether;33_matrix_add_float;BINARY;malhonest;mal-shamir-bmr;NA;NA;NA;80;30;125.743;NA;1.04e+03;NA
bitcoincash,bitcoin,ether;33_matrix_add_float;BINARY;malhonest;mal-shamir-bmr;NA;NA;NA;75;30;132.028;NA;1.04e+03;NA
bitcoincash,bitcoin,ether;33_matrix_add_float;BINARY;malhonest;mal-shamir-bmr;NA;NA;NA;70;30;139.84;NA;1.04e+03;NA
bitcoincash,bitcoin,ether;33_matrix_add_float;BINARY;malhonest;mal-shamir-bmr;NA;NA;NA;65;30;148.111;NA;1.04e+03;NA
bitcoincash,bitcoin,ether;33_matrix_add_float;BINARY;malhonest;mal-shamir-bmr;NA;NA;NA;60;30;158.773;NA;1.04e+03;NA
bitcoincash,bitcoin,ether;33_matrix_add_float;BINARY;malhonest;mal-shamir-bmr;NA;NA;NA;55;30;171.495;NA;1.04e+03;NA
bitcoincash,bitcoin,ether;33_matrix_add_float;BINARY;malhonest;mal-shamir-bmr;NA;NA;NA;50;30;186.733;NA;1.04e+03;NA
bitcoincash,bitcoin,ether;33_matrix_add_float;BINARY;malhonest;mal-shamir-bmr;NA;NA;NA;45;30;205.542;NA;1.04e+03;NA
bitcoincash,bitcoin,ether;33_matrix_add_float;BINARY;malhonest;mal-shamir-bmr;NA;NA;NA;40;30;230.298;NA;1.04e+03;NA
bitcoincash,bitcoin,ether;33_matrix_add_float;BINARY;malhonest;mal-shamir-bmr;NA;NA;NA;35;30;261.269;NA;1.04e+03;NA
bitcoincash,bitcoin,ether;33_matrix_add_float;BINARY;malhonest;mal-shamir-bmr;NA;NA;NA;30;30;303.427;NA;1.04e+03;NA
bitcoincash,bitcoin,ether;33_matrix_add_float;BINARY;malhonest;mal-shamir-bmr;NA;NA;NA;25;30;362.337;NA;1.04e+03;NA
bitcoincash,bitcoin,ether;33_matrix_add_float;BINARY;malhonest;mal-shamir-bmr;NA;NA;NA;20;30;452.36;NA;1.04e+03;NA
bitcoincash,bitcoin,ether;33_matrix_add_float;BINARY;malhonest;mal-shamir-bmr;NA;NA;NA;15;30;602.21;NA;1.04e+03;NA
bitcoincash,bitcoin,ether;33_matrix_add_float;BINARY;malhonest;mal-shamir-bmr;NA;NA;NA;10;30;904.073;NA;1.04e+03;NA
bitcoincash,bitcoin,ether;33_matrix_add_float;BINARY;malhonest;mal-shamir-bmr;NA;NA;NA;5;30;1806.2;NA;1.04e+03;NA
bitcoincash,bitcoin,ether;33_matrix_add_float;BINARY;malhonest;mal-rep-bmr;NA;248400;84601;100;30;44.4665;NA;372;NA
bitcoincash,bitcoin,ether;33_matrix_add_float;BINARY;malhonest;mal-rep-bmr;NA;NA;NA;95;30;45.5626;NA;372;NA
bitcoincash,bitcoin,ether;33_matrix_add_float;BINARY;malhonest;mal-rep-bmr;NA;NA;NA;90;30;47.5172;NA;372;NA
bitcoincash,bitcoin,ether;33_matrix_add_float;BINARY;malhonest;mal-rep-bmr;NA;NA;NA;85;30;49.2132;NA;372;NA
bitcoincash,bitcoin,ether;33_matrix_add_float;BINARY;malhonest;mal-rep-bmr;NA;NA;NA;80;30;51.5045;NA;372;NA
bitcoincash,bitcoin,ether;33_matrix_add_float;BINARY;malhonest;mal-rep-bmr;NA;NA;NA;75;30;53.9851;NA;372;NA
bitcoincash,bitcoin,ether;33_matrix_add_float;BINARY;malhonest;mal-rep-bmr;NA;NA;NA;70;30;57.5603;NA;372;NA
bitcoincash,bitcoin,ether;33_matrix_add_float;BINARY;malhonest;mal-rep-bmr;NA;NA;NA;65;30;61.2664;NA;372;NA
bitcoincash,bitcoin,ether;33_matrix_add_float;BINARY;malhonest;mal-rep-bmr;NA;NA;NA;60;30;63.9229;NA;372;NA
bitcoincash,bitcoin,ether;33_matrix_add_float;BINARY;malhonest;mal-rep-bmr;NA;NA;NA;55;30;69.1531;NA;372;NA
bitcoincash,bitcoin,ether;33_matrix_add_float;BINARY;malhonest;mal-rep-bmr;NA;NA;NA;50;30;74.696;NA;372;NA
bitcoincash,bitcoin,ether;33_matrix_add_float;BINARY;malhonest;mal-rep-bmr;NA;NA;NA;45;30;81.0861;NA;372;NA
bitcoincash,bitcoin,ether;33_matrix_add_float;BINARY;malhonest;mal-rep-bmr;NA;NA;NA;40;30;89.1548;NA;372;NA
bitcoincash,bitcoin,ether;33_matrix_add_float;BINARY;malhonest;mal-rep-bmr;NA;NA;NA;35;30;99.7956;NA;372;NA
bitcoincash,bitcoin,ether;33_matrix_add_float;BINARY;malhonest;mal-rep-bmr;NA;NA;NA;30;30;114.25;NA;372;NA
bitcoincash,bitcoin,ether;33_matrix_add_float;BINARY;malhonest;mal-rep-bmr;NA;NA;NA;25;30;135.286;NA;372;NA
bitcoincash,bitcoin,ether;33_matrix_add_float;BINARY;malhonest;mal-rep-bmr;NA;NA;NA;20;30;165.14;NA;372;NA
bitcoincash,bitcoin,ether;33_matrix_add_float;BINARY;malhonest;mal-rep-bmr;NA;NA;NA;15;30;218.307;NA;372;NA
bitcoincash,bitcoin,ether;33_matrix_add_float;BINARY;malhonest;mal-rep-bmr;NA;NA;NA;10;30;327.089;NA;372;NA
bitcoincash,bitcoin,ether;33_matrix_add_float;BINARY;malhonest;mal-rep-bmr;NA;NA;NA;5;30;655.009;NA;372;NA
bitcoincash,bitcoin,ether;33_matrix_add_float;FIELD;semidishonest;hemi;NA;NA;901;100;30;0.141335;~3600;0.0144;0.0288
bitcoincash,bitcoin,ether;33_matrix_add_float;FIELD;semidishonest;hemi;NA;NA;NA;95;30;0.137408;~3600;0.0144;0.0288
bitcoincash,bitcoin,ether;33_matrix_add_float;FIELD;semidishonest;hemi;NA;NA;NA;90;30;0.161406;~3600;0.0144;0.0288
bitcoincash,bitcoin,ether;33_matrix_add_float;FIELD;semidishonest;hemi;NA;NA;NA;85;30;0.153865;~3600;0.0144;0.0288
bitcoincash,bitcoin,ether;33_matrix_add_float;FIELD;semidishonest;hemi;NA;NA;NA;80;30;0.14663;~3600;0.0144;0.0288
bitcoincash,bitcoin,ether;33_matrix_add_float;FIELD;semidishonest;hemi;NA;NA;NA;75;30;0.140535;~3600;0.0144;0.0288
bitcoincash,bitcoin,ether;33_matrix_add_float;FIELD;semidishonest;hemi;NA;NA;NA;70;30;0.151824;~3600;0.0144;0.0288
bitcoincash,bitcoin,ether;33_matrix_add_float;FIELD;semidishonest;hemi;NA;NA;NA;65;30;0.1497;~3600;0.0144;0.0288
bitcoincash,bitcoin,ether;33_matrix_add_float;FIELD;semidishonest;hemi;NA;NA;NA;60;30;0.160328;~3600;0.0144;0.0288
bitcoincash,bitcoin,ether;33_matrix_add_float;FIELD;semidishonest;hemi;NA;NA;NA;55;30;0.174174;~3600;0.0144;0.0288
bitcoincash,bitcoin,ether;33_matrix_add_float;FIELD;semidishonest;hemi;NA;NA;NA;50;30;0.142186;~3600;0.0144;0.0288
bitcoincash,bitcoin,ether;33_matrix_add_float;FIELD;semidishonest;hemi;NA;NA;NA;45;30;0.136804;~3600;0.0144;0.0288
bitcoincash,bitcoin,ether;33_matrix_add_float;FIELD;semidishonest;hemi;NA;NA;NA;40;30;0.177977;~3600;0.0144;0.0288
bitcoincash,bitcoin,ether;33_matrix_add_float;FIELD;semidishonest;hemi;NA;NA;NA;35;30;0.144084;~3600;0.0144;0.0288
bitcoincash,bitcoin,ether;33_matrix_add_float;FIELD;semidishonest;hemi;NA;NA;NA;30;30;0.137929;~3600;0.0144;0.0288
bitcoincash,bitcoin,ether;33_matrix_add_float;FIELD;semidishonest;hemi;NA;NA;NA;25;30;0.135343;~3600;0.0144;0.0288
bitcoincash,bitcoin,ether;33_matrix_add_float;FIELD;semidishonest;hemi;NA;NA;NA;20;30;0.141332;~3600;0.0144;0.0288
bitcoincash,bitcoin,ether;33_matrix_add_float;FIELD;semidishonest;hemi;NA;NA;NA;15;30;0.184225;~3600;0.0144;0.0288
bitcoincash,bitcoin,ether;33_matrix_add_float;FIELD;semidishonest;hemi;NA;NA;NA;10;30;0.263601;~3600;0.0144;0.0288
bitcoincash,bitcoin,ether;33_matrix_add_float;FIELD;semidishonest;hemi;NA;NA;NA;5;30;0.540721;~3600;0.0144;0.0288
bitcoincash,bitcoin,ether;33_matrix_add_float;FIELD;semidishonest;semi;NA;NA;901;100;30;0.151777;~3600;0.0144;0.0288
bitcoincash,bitcoin,ether;33_matrix_add_float;FIELD;semidishonest;semi;NA;NA;NA;95;30;0.138194;~3600;0.0144;0.0288
bitcoincash,bitcoin,ether;33_matrix_add_float;FIELD;semidishonest;semi;NA;NA;NA;90;30;0.15878;~3600;0.0144;0.0288
bitcoincash,bitcoin,ether;33_matrix_add_float;FIELD;semidishonest;semi;NA;NA;NA;85;30;0.145474;~3600;0.0144;0.0288
bitcoincash,bitcoin,ether;33_matrix_add_float;FIELD;semidishonest;semi;NA;NA;NA;80;30;0.172399;~3600;0.0144;0.0288
bitcoincash,bitcoin,ether;33_matrix_add_float;FIELD;semidishonest;semi;NA;NA;NA;75;30;0.153086;~3600;0.0144;0.0288
bitcoincash,bitcoin,ether;33_matrix_add_float;FIELD;semidishonest;semi;NA;NA;NA;70;30;0.138596;~3600;0.0144;0.0288
bitcoincash,bitcoin,ether;33_matrix_add_float;FIELD;semidishonest;semi;NA;NA;NA;65;30;0.166196;~3600;0.0144;0.0288
bitcoincash,bitcoin,ether;33_matrix_add_float;FIELD;semidishonest;semi;NA;NA;NA;60;30;0.180108;~3600;0.0144;0.0288
bitcoincash,bitcoin,ether;33_matrix_add_float;FIELD;semidishonest;semi;NA;NA;NA;55;30;0.153379;~3600;0.0144;0.0288
bitcoincash,bitcoin,ether;33_matrix_add_float;FIELD;semidishonest;semi;NA;NA;NA;50;30;0.173511;~3600;0.0144;0.0288
bitcoincash,bitcoin,ether;33_matrix_add_float;FIELD;semidishonest;semi;NA;NA;NA;45;30;0.15585;~3600;0.0144;0.0288
bitcoincash,bitcoin,ether;33_matrix_add_float;FIELD;semidishonest;semi;NA;NA;NA;40;30;0.172686;~3600;0.0144;0.0288
bitcoincash,bitcoin,ether;33_matrix_add_float;FIELD;semidishonest;semi;NA;NA;NA;35;30;0.142777;~3600;0.0144;0.0288
bitcoincash,bitcoin,ether;33_matrix_add_float;FIELD;semidishonest;semi;NA;NA;NA;30;30;0.141985;~3600;0.0144;0.0288
bitcoincash,bitcoin,ether;33_matrix_add_float;FIELD;semidishonest;semi;NA;NA;NA;25;30;0.146102;~3600;0.0144;0.0288
bitcoincash,bitcoin,ether;33_matrix_add_float;FIELD;semidishonest;semi;NA;NA;NA;20;30;0.137717;~3600;0.0144;0.0288
bitcoincash,bitcoin,ether;33_matrix_add_float;FIELD;semidishonest;semi;NA;NA;NA;15;30;0.177829;~3600;0.0144;0.0288
bitcoincash,bitcoin,ether;33_matrix_add_float;FIELD;semidishonest;semi;NA;NA;NA;10;30;0.264882;~3600;0.0144;0.0288
bitcoincash,bitcoin,ether;33_matrix_add_float;FIELD;semidishonest;semi;NA;NA;NA;5;30;0.525517;~3600;0.0144;0.0288
bitcoincash,bitcoin,ether;33_matrix_add_float;FIELD;semidishonest;temi;NA;NA;901;100;30;0.142833;~3600;0.0144;0.0288
bitcoincash,bitcoin,ether;33_matrix_add_float;FIELD;semidishonest;temi;NA;NA;NA;95;30;0.162363;~3600;0.0144;0.0288
bitcoincash,bitcoin,ether;33_matrix_add_float;FIELD;semidishonest;temi;NA;NA;NA;90;30;0.140725;~3600;0.0144;0.0288
bitcoincash,bitcoin,ether;33_matrix_add_float;FIELD;semidishonest;temi;NA;NA;NA;85;30;0.18002;~3600;0.0144;0.0288
bitcoincash,bitcoin,ether;33_matrix_add_float;FIELD;semidishonest;temi;NA;NA;NA;80;30;0.179729;~3600;0.0144;0.0288
bitcoincash,bitcoin,ether;33_matrix_add_float;FIELD;semidishonest;temi;NA;NA;NA;75;30;0.147786;~3600;0.0144;0.0288
bitcoincash,bitcoin,ether;33_matrix_add_float;FIELD;semidishonest;temi;NA;NA;NA;70;30;0.14575;~3600;0.0144;0.0288
bitcoincash,bitcoin,ether;33_matrix_add_float;FIELD;semidishonest;temi;NA;NA;NA;65;30;0.136255;~3600;0.0144;0.0288
bitcoincash,bitcoin,ether;33_matrix_add_float;FIELD;semidishonest;temi;NA;NA;NA;60;30;0.143471;~3600;0.0144;0.0288
bitcoincash,bitcoin,ether;33_matrix_add_float;FIELD;semidishonest;temi;NA;NA;NA;55;30;0.136573;~3600;0.0144;0.0288
bitcoincash,bitcoin,ether;33_matrix_add_float;FIELD;semidishonest;temi;NA;NA;NA;50;30;0.143714;~3600;0.0144;0.0288
bitcoincash,bitcoin,ether;33_matrix_add_float;FIELD;semidishonest;temi;NA;NA;NA;45;30;0.184211;~3600;0.0144;0.0288
bitcoincash,bitcoin,ether;33_matrix_add_float;FIELD;semidishonest;temi;NA;NA;NA;40;30;0.136975;~3600;0.0144;0.0288
bitcoincash,bitcoin,ether;33_matrix_add_float;FIELD;semidishonest;temi;NA;NA;NA;35;30;0.169106;~3600;0.0144;0.0288
bitcoincash,bitcoin,ether;33_matrix_add_float;FIELD;semidishonest;temi;NA;NA;NA;30;30;0.146674;~3600;0.0144;0.0288
bitcoincash,bitcoin,ether;33_matrix_add_float;FIELD;semidishonest;temi;NA;NA;NA;25;30;0.138651;~3600;0.0144;0.0288
bitcoincash,bitcoin,ether;33_matrix_add_float;FIELD;semidishonest;temi;NA;NA;NA;20;30;0.136849;~3600;0.0144;0.0288
bitcoincash,bitcoin,ether;33_matrix_add_float;FIELD;semidishonest;temi;NA;NA;NA;15;30;0.176304;~3600;0.0144;0.0288
bitcoincash,bitcoin,ether;33_matrix_add_float;FIELD;semidishonest;temi;NA;NA;NA;10;30;0.263437;~3600;0.0144;0.0288
bitcoincash,bitcoin,ether;33_matrix_add_float;FIELD;semidishonest;temi;NA;NA;NA;5;30;0.528546;~3600;0.0144;0.0288
bitcoincash,bitcoin,ether;33_matrix_add_float;FIELD;semidishonest;soho;NA;NA;901;100;30;0.175454;~3600;0.0144;0.0288
bitcoincash,bitcoin,ether;33_matrix_add_float;FIELD;semidishonest;soho;NA;NA;NA;95;30;0.138773;~3600;0.0144;0.0288
bitcoincash,bitcoin,ether;33_matrix_add_float;FIELD;semidishonest;soho;NA;NA;NA;90;30;0.14934;~3600;0.0144;0.0288
bitcoincash,bitcoin,ether;33_matrix_add_float;FIELD;semidishonest;soho;NA;NA;NA;85;30;0.14909;~3600;0.0144;0.0288
bitcoincash,bitcoin,ether;33_matrix_add_float;FIELD;semidishonest;soho;NA;NA;NA;80;30;0.142305;~3600;0.0144;0.0288
bitcoincash,bitcoin,ether;33_matrix_add_float;FIELD;semidishonest;soho;NA;NA;NA;75;30;0.137089;~3600;0.0144;0.0288
bitcoincash,bitcoin,ether;33_matrix_add_float;FIELD;semidishonest;soho;NA;NA;NA;70;30;0.150888;~3600;0.0144;0.0288
bitcoincash,bitcoin,ether;33_matrix_add_float;FIELD;semidishonest;soho;NA;NA;NA;65;30;0.135724;~3600;0.0144;0.0288
bitcoincash,bitcoin,ether;33_matrix_add_float;FIELD;semidishonest;soho;NA;NA;NA;60;30;0.162342;~3600;0.0144;0.0288
bitcoincash,bitcoin,ether;33_matrix_add_float;FIELD;semidishonest;soho;NA;NA;NA;55;30;0.138199;~3600;0.0144;0.0288
bitcoincash,bitcoin,ether;33_matrix_add_float;FIELD;semidishonest;soho;NA;NA;NA;50;30;0.163266;~3600;0.0144;0.0288
bitcoincash,bitcoin,ether;33_matrix_add_float;FIELD;semidishonest;soho;NA;NA;NA;45;30;0.149808;~3600;0.0144;0.0288
bitcoincash,bitcoin,ether;33_matrix_add_float;FIELD;semidishonest;soho;NA;NA;NA;40;30;0.137018;~3600;0.0144;0.0288
bitcoincash,bitcoin,ether;33_matrix_add_float;FIELD;semidishonest;soho;NA;NA;NA;35;30;0.149854;~3600;0.0144;0.0288
bitcoincash,bitcoin,ether;33_matrix_add_float;FIELD;semidishonest;soho;NA;NA;NA;30;30;0.139918;~3600;0.0144;0.0288
bitcoincash,bitcoin,ether;33_matrix_add_float;FIELD;semidishonest;soho;NA;NA;NA;25;30;0.138423;~3600;0.0144;0.0288
bitcoincash,bitcoin,ether;33_matrix_add_float;FIELD;semidishonest;soho;NA;NA;NA;20;30;0.177931;~3600;0.0144;0.0288
bitcoincash,bitcoin,ether;33_matrix_add_float;FIELD;semidishonest;soho;NA;NA;NA;15;30;0.175595;~3600;0.0144;0.0288
bitcoincash,bitcoin,ether;33_matrix_add_float;FIELD;semidishonest;soho;NA;NA;NA;10;30;0.263457;~3600;0.0144;0.0288
bitcoincash,bitcoin,ether;33_matrix_add_float;FIELD;semidishonest;soho;NA;NA;NA;5;30;0.536972;~3600;0.0144;0.0288
bitcoincash,bitcoin,ether;33_matrix_add_float;RING;semidishonest;semi2k;NA;NA;901;100;30;0.139405;~3600;0.0144;0.0288
bitcoincash,bitcoin,ether;33_matrix_add_float;RING;semidishonest;semi2k;NA;NA;NA;95;30;0.170871;~3600;0.0144;0.0288
bitcoincash,bitcoin,ether;33_matrix_add_float;RING;semidishonest;semi2k;NA;NA;NA;90;30;0.171142;~3600;0.0144;0.0288
bitcoincash,bitcoin,ether;33_matrix_add_float;RING;semidishonest;semi2k;NA;NA;NA;85;30;0.149565;~3600;0.0144;0.0288
bitcoincash,bitcoin,ether;33_matrix_add_float;RING;semidishonest;semi2k;NA;NA;NA;80;30;0.173925;~3600;0.0144;0.0288
bitcoincash,bitcoin,ether;33_matrix_add_float;RING;semidishonest;semi2k;NA;NA;NA;75;30;0.164272;~3600;0.0144;0.0288
bitcoincash,bitcoin,ether;33_matrix_add_float;RING;semidishonest;semi2k;NA;NA;NA;70;30;0.134935;~3600;0.0144;0.0288
bitcoincash,bitcoin,ether;33_matrix_add_float;RING;semidishonest;semi2k;NA;NA;NA;65;30;0.144077;~3600;0.0144;0.0288
bitcoincash,bitcoin,ether;33_matrix_add_float;RING;semidishonest;semi2k;NA;NA;NA;60;30;0.173572;~3600;0.0144;0.0288
bitcoincash,bitcoin,ether;33_matrix_add_float;RING;semidishonest;semi2k;NA;NA;NA;55;30;0.140317;~3600;0.0144;0.0288
bitcoincash,bitcoin,ether;33_matrix_add_float;RING;semidishonest;semi2k;NA;NA;NA;50;30;0.148169;~3600;0.0144;0.0288
bitcoincash,bitcoin,ether;33_matrix_add_float;RING;semidishonest;semi2k;NA;NA;NA;45;30;0.136982;~3600;0.0144;0.0288
bitcoincash,bitcoin,ether;33_matrix_add_float;RING;semidishonest;semi2k;NA;NA;NA;40;30;0.15043;~3600;0.0144;0.0288
bitcoincash,bitcoin,ether;33_matrix_add_float;RING;semidishonest;semi2k;NA;NA;NA;35;30;0.176852;~3600;0.0144;0.0288
bitcoincash,bitcoin,ether;33_matrix_add_float;RING;semidishonest;semi2k;NA;NA;NA;30;30;0.168877;~3600;0.0144;0.0288
bitcoincash,bitcoin,ether;33_matrix_add_float;RING;semidishonest;semi2k;NA;NA;NA;25;30;0.145072;~3600;0.0144;0.0288
bitcoincash,bitcoin,ether;33_matrix_add_float;RING;semidishonest;semi2k;NA;NA;NA;20;30;0.149551;~3600;0.0144;0.0288
bitcoincash,bitcoin,ether;33_matrix_add_float;RING;semidishonest;semi2k;NA;NA;NA;15;30;0.177226;~3600;0.0144;0.0288
bitcoincash,bitcoin,ether;33_matrix_add_float;RING;semidishonest;semi2k;NA;NA;NA;10;30;0.263984;~3600;0.0144;0.0288
bitcoincash,bitcoin,ether;33_matrix_add_float;RING;semidishonest;semi2k;NA;NA;NA;5;30;0.526179;~3600;0.0144;0.0288
bitcoincash,bitcoin,ether;33_matrix_add_float;BINARY;semidishonest;semi-bmr;NA;248400;84601;100;30;2409.16;NA;2.68e+04;NA
bitcoincash,bitcoin,ether;33_matrix_add_float;BINARY;semidishonest;semi-bmr;NA;NA;NA;95;30;2532.64;NA;2.68e+04;NA
bitcoincash,bitcoin,ether;33_matrix_add_float;BINARY;semidishonest;semi-bmr;NA;NA;NA;90;30;2675.63;NA;2.68e+04;NA
bitcoincash,bitcoin,ether;33_matrix_add_float;BINARY;semidishonest;semi-bmr;NA;NA;NA;85;30;2842.14;NA;2.68e+04;NA
bitcoincash,bitcoin,ether;33_matrix_add_float;BINARY;semidishonest;semi-bmr;NA;NA;NA;80;30;3021.09;NA;2.68e+04;NA
bitcoincash,bitcoin,ether;33_matrix_add_float;BINARY;semidishonest;semi-bmr;NA;NA;NA;75;30;3217.91;NA;2.68e+04;NA
bitcoincash,bitcoin,ether;33_matrix_add_float;BINARY;semidishonest;semi-bmr;NA;NA;NA;70;30;3443.69;NA;2.68e+04;NA
bitcoincash,bitcoin,ether;33_matrix_add_float;BINARY;semidishonest;semi-bmr;NA;NA;NA;65;30;3694.11;NA;2.68e+04;NA
bitcoincash,bitcoin,ether;33_matrix_add_float;BINARY;semidishonest;semi-bmr;NA;NA;NA;60;30;3978.23;NA;2.68e+04;NA
bitcoincash,bitcoin,ether;33_matrix_add_float;BINARY;semidishonest;semi-bmr;NA;NA;NA;55;30;4316.82;NA;2.68e+04;NA
bitcoincash,bitcoin,ether;33_matrix_add_float;BINARY;semidishonest;semi-bmr;NA;NA;NA;50;30;4736.47;NA;2.68e+04;NA
bitcoincash,bitcoin,ether;33_matrix_add_float;BINARY;semidishonest;semi-bmr;NA;NA;NA;45;30;5261.18;NA;2.68e+04;NA
bitcoincash,bitcoin,ether;33_matrix_add_float;BINARY;semidishonest;semi-bmr;NA;NA;NA;40;30;5904.37;NA;2.68e+04;NA
bitcoincash,bitcoin,ether;33_matrix_add_float;BINARY;semidishonest;semi-bmr;NA;NA;NA;35;30;6735.54;NA;2.68e+04;NA
bitcoincash,bitcoin,ether;33_matrix_add_float;BINARY;semidishonest;semi-bmr;NA;NA;NA;30;30;7858.08;NA;2.68e+04;NA
bitcoincash,bitcoin,ether;33_matrix_add_float;BINARY;semidishonest;semi-bmr;NA;NA;NA;25;30;9442.45;NA;2.68e+04;NA
bitcoincash,bitcoin,ether;33_matrix_add_float;BINARY;semidishonest;semi-bin;NA;248400;84601;100;30;8.15264;NA;29.74;NA
bitcoincash,bitcoin,ether;33_matrix_add_float;BINARY;semidishonest;semi-bin;NA;NA;NA;95;30;7.78011;NA;29.74;NA
bitcoincash,bitcoin,ether;33_matrix_add_float;BINARY;semidishonest;semi-bin;NA;NA;NA;90;30;7.78996;NA;29.74;NA
bitcoincash,bitcoin,ether;33_matrix_add_float;BINARY;semidishonest;semi-bin;NA;NA;NA;85;30;8.54279;NA;29.74;NA
bitcoincash,bitcoin,ether;33_matrix_add_float;BINARY;semidishonest;semi-bin;NA;NA;NA;80;30;8.08159;NA;29.74;NA
bitcoincash,bitcoin,ether;33_matrix_add_float;BINARY;semidishonest;semi-bin;NA;NA;NA;75;30;8.33903;NA;29.74;NA
bitcoincash,bitcoin,ether;33_matrix_add_float;BINARY;semidishonest;semi-bin;NA;NA;NA;70;30;8.75809;NA;29.74;NA
bitcoincash,bitcoin,ether;33_matrix_add_float;BINARY;semidishonest;semi-bin;NA;NA;NA;65;30;8.60779;NA;29.74;NA
bitcoincash,bitcoin,ether;33_matrix_add_float;BINARY;semidishonest;semi-bin;NA;NA;NA;60;30;8.84881;NA;29.74;NA
bitcoincash,bitcoin,ether;33_matrix_add_float;BINARY;semidishonest;semi-bin;NA;NA;NA;55;30;9.19206;NA;29.74;NA
bitcoincash,bitcoin,ether;33_matrix_add_float;BINARY;semidishonest;semi-bin;NA;NA;NA;50;30;9.46775;NA;29.74;NA
bitcoincash,bitcoin,ether;33_matrix_add_float;BINARY;semidishonest;semi-bin;NA;NA;NA;45;30;9.85169;NA;29.74;NA
bitcoincash,bitcoin,ether;33_matrix_add_float;BINARY;semidishonest;semi-bin;NA;NA;NA;40;30;10.3872;NA;29.74;NA
bitcoincash,bitcoin,ether;33_matrix_add_float;BINARY;semidishonest;semi-bin;NA;NA;NA;35;30;11.1238;NA;29.74;NA
bitcoincash,bitcoin,ether;33_matrix_add_float;BINARY;semidishonest;semi-bin;NA;NA;NA;30;30;12.4958;NA;29.74;NA
bitcoincash,bitcoin,ether;33_matrix_add_float;BINARY;semidishonest;semi-bin;NA;NA;NA;25;30;14.9903;NA;29.74;NA
bitcoincash,bitcoin,ether;33_matrix_add_float;FIELD;semihonest;atlas;NA;NA;901;100;30;0.278894;~1812;0.7488;1.5048
bitcoincash,bitcoin,ether;33_matrix_add_float;FIELD;semihonest;atlas;NA;NA;NA;95;30;0.299857;~1812;0.7488;1.5048
bitcoincash,bitcoin,ether;33_matrix_add_float;FIELD;semihonest;atlas;NA;NA;NA;90;30;0.308815;~1812;0.7488;1.5048
bitcoincash,bitcoin,ether;33_matrix_add_float;FIELD;semihonest;atlas;NA;NA;NA;85;30;0.272273;~1812;0.7488;1.5048
bitcoincash,bitcoin,ether;33_matrix_add_float;FIELD;semihonest;atlas;NA;NA;NA;80;30;0.306137;~1812;0.7488;1.5048
bitcoincash,bitcoin,ether;33_matrix_add_float;FIELD;semihonest;atlas;NA;NA;NA;75;30;0.346864;~1812;0.7488;1.5048
bitcoincash,bitcoin,ether;33_matrix_add_float;FIELD;semihonest;atlas;NA;NA;NA;70;30;0.327002;~1812;0.7488;1.5048
bitcoincash,bitcoin,ether;33_matrix_add_float;FIELD;semihonest;atlas;NA;NA;NA;65;30;0.332661;~1812;0.7488;1.5048
bitcoincash,bitcoin,ether;33_matrix_add_float;FIELD;semihonest;atlas;NA;NA;NA;60;30;0.321011;~1812;0.7488;1.5048
bitcoincash,bitcoin,ether;33_matrix_add_float;FIELD;semihonest;atlas;NA;NA;NA;55;30;0.354776;~1812;0.7488;1.5048
bitcoincash,bitcoin,ether;33_matrix_add_float;FIELD;semihonest;atlas;NA;NA;NA;50;30;0.343312;~1812;0.7488;1.5048
bitcoincash,bitcoin,ether;33_matrix_add_float;FIELD;semihonest;atlas;NA;NA;NA;45;30;0.334585;~1812;0.7488;1.5048
bitcoincash,bitcoin,ether;33_matrix_add_float;FIELD;semihonest;atlas;NA;NA;NA;40;30;0.40615;~1812;0.7488;1.5048
bitcoincash,bitcoin,ether;33_matrix_add_float;FIELD;semihonest;atlas;NA;NA;NA;35;30;0.429652;~1812;0.7488;1.5048
bitcoincash,bitcoin,ether;33_matrix_add_float;FIELD;semihonest;atlas;NA;NA;NA;30;30;0.484866;~1812;0.7488;1.5048
bitcoincash,bitcoin,ether;33_matrix_add_float;FIELD;semihonest;atlas;NA;NA;NA;25;30;0.444607;~1812;0.7488;1.5048
bitcoincash,bitcoin,ether;33_matrix_add_float;FIELD;semihonest;atlas;NA;NA;NA;20;30;0.564899;~1812;0.7488;1.5048
bitcoincash,bitcoin,ether;33_matrix_add_float;FIELD;semihonest;atlas;NA;NA;NA;15;30;0.651894;~1812;0.7488;1.5048
bitcoincash,bitcoin,ether;33_matrix_add_float;FIELD;semihonest;atlas;NA;NA;NA;10;30;0.99296;~1812;0.7488;1.5048
bitcoincash,bitcoin,ether;33_matrix_add_float;FIELD;semihonest;atlas;NA;NA;NA;5;30;1.90515;~1812;0.7488;1.5048
bitcoincash,bitcoin,ether;33_matrix_add_float;FIELD;semihonest;shamir;NA;NA;901;100;30;0.22094;~1801;0.0288;0.0648
bitcoincash,bitcoin,ether;33_matrix_add_float;FIELD;semihonest;shamir;NA;NA;NA;95;30;0.198584;~1801;0.0288;0.0648
bitcoincash,bitcoin,ether;33_matrix_add_float;FIELD;semihonest;shamir;NA;NA;NA;90;30;0.193256;~1801;0.0288;0.0648
bitcoincash,bitcoin,ether;33_matrix_add_float;FIELD;semihonest;shamir;NA;NA;NA;85;30;0.192945;~1801;0.0288;0.0648
bitcoincash,bitcoin,ether;33_matrix_add_float;FIELD;semihonest;shamir;NA;NA;NA;80;30;0.233038;~1801;0.0288;0.0648
bitcoincash,bitcoin,ether;33_matrix_add_float;FIELD;semihonest;shamir;NA;NA;NA;75;30;0.252772;~1801;0.0288;0.0648
bitcoincash,bitcoin,ether;33_matrix_add_float;FIELD;semihonest;shamir;NA;NA;NA;70;30;0.16929;~1801;0.0288;0.0648
bitcoincash,bitcoin,ether;33_matrix_add_float;FIELD;semihonest;shamir;NA;NA;NA;65;30;0.200837;~1801;0.0288;0.0648
bitcoincash,bitcoin,ether;33_matrix_add_float;FIELD;semihonest;shamir;NA;NA;NA;60;30;0.250871;~1801;0.0288;0.0648
bitcoincash,bitcoin,ether;33_matrix_add_float;FIELD;semihonest;shamir;NA;NA;NA;55;30;0.229006;~1801;0.0288;0.0648
bitcoincash,bitcoin,ether;33_matrix_add_float;FIELD;semihonest;shamir;NA;NA;NA;50;30;0.256419;~1801;0.0288;0.0648
bitcoincash,bitcoin,ether;33_matrix_add_float;FIELD;semihonest;shamir;NA;NA;NA;45;30;0.22964;~1801;0.0288;0.0648
bitcoincash,bitcoin,ether;33_matrix_add_float;FIELD;semihonest;shamir;NA;NA;NA;40;30;0.223211;~1801;0.0288;0.0648
bitcoincash,bitcoin,ether;33_matrix_add_float;FIELD;semihonest;shamir;NA;NA;NA;35;30;0.190065;~1801;0.0288;0.0648
bitcoincash,bitcoin,ether;33_matrix_add_float;FIELD;semihonest;shamir;NA;NA;NA;30;30;0.179543;~1801;0.0288;0.0648
bitcoincash,bitcoin,ether;33_matrix_add_float;FIELD;semihonest;shamir;NA;NA;NA;25;30;0.234757;~1801;0.0288;0.0648
bitcoincash,bitcoin,ether;33_matrix_add_float;FIELD;semihonest;shamir;NA;NA;NA;20;30;0.185667;~1801;0.0288;0.0648
bitcoincash,bitcoin,ether;33_matrix_add_float;FIELD;semihonest;shamir;NA;NA;NA;15;30;0.238805;~1801;0.0288;0.0648
bitcoincash,bitcoin,ether;33_matrix_add_float;FIELD;semihonest;shamir;NA;NA;NA;10;30;0.34844;~1801;0.0288;0.0648
bitcoincash,bitcoin,ether;33_matrix_add_float;FIELD;semihonest;shamir;NA;NA;NA;5;30;0.631737;~1801;0.0288;0.0648
bitcoincash,bitcoin,ether;33_matrix_add_float;FIELD;semihonest;replicated-field;NA;NA;901;100;30;0.120643;~901;0.0144;0.0432
bitcoincash,bitcoin,ether;33_matrix_add_float;FIELD;semihonest;replicated-field;NA;NA;NA;95;30;0.104619;~901;0.0144;0.0432
bitcoincash,bitcoin,ether;33_matrix_add_float;FIELD;semihonest;replicated-field;NA;NA;NA;90;30;0.098285;~901;0.0144;0.0432
bitcoincash,bitcoin,ether;33_matrix_add_float;FIELD;semihonest;replicated-field;NA;NA;NA;85;30;0.10997;~901;0.0144;0.0432
bitcoincash,bitcoin,ether;33_matrix_add_float;FIELD;semihonest;replicated-field;NA;NA;NA;80;30;0.100842;~901;0.0144;0.0432
bitcoincash,bitcoin,ether;33_matrix_add_float;FIELD;semihonest;replicated-field;NA;NA;NA;75;30;0.124641;~901;0.0144;0.0432
bitcoincash,bitcoin,ether;33_matrix_add_float;FIELD;semihonest;replicated-field;NA;NA;NA;70;30;0.112214;~901;0.0144;0.0432
bitcoincash,bitcoin,ether;33_matrix_add_float;FIELD;semihonest;replicated-field;NA;NA;NA;65;30;0.114726;~901;0.0144;0.0432
bitcoincash,bitcoin,ether;33_matrix_add_float;FIELD;semihonest;replicated-field;NA;NA;NA;60;30;0.100294;~901;0.0144;0.0432
bitcoincash,bitcoin,ether;33_matrix_add_float;FIELD;semihonest;replicated-field;NA;NA;NA;55;30;0.10021;~901;0.0144;0.0432
bitcoincash,bitcoin,ether;33_matrix_add_float;FIELD;semihonest;replicated-field;NA;NA;NA;50;30;0.114741;~901;0.0144;0.0432
bitcoincash,bitcoin,ether;33_matrix_add_float;FIELD;semihonest;replicated-field;NA;NA;NA;45;30;0.107696;~901;0.0144;0.0432
bitcoincash,bitcoin,ether;33_matrix_add_float;FIELD;semihonest;replicated-field;NA;NA;NA;40;30;0.111177;~901;0.0144;0.0432
bitcoincash,bitcoin,ether;33_matrix_add_float;FIELD;semihonest;replicated-field;NA;NA;NA;35;30;0.097035;~901;0.0144;0.0432
bitcoincash,bitcoin,ether;33_matrix_add_float;FIELD;semihonest;replicated-field;NA;NA;NA;30;30;0.0994773;~901;0.0144;0.0432
bitcoincash,bitcoin,ether;33_matrix_add_float;FIELD;semihonest;replicated-field;NA;NA;NA;25;30;0.104625;~901;0.0144;0.0432
bitcoincash,bitcoin,ether;33_matrix_add_float;FIELD;semihonest;replicated-field;NA;NA;NA;20;30;0.0960145;~901;0.0144;0.0432
bitcoincash,bitcoin,ether;33_matrix_add_float;FIELD;semihonest;replicated-field;NA;NA;NA;15;30;0.130944;~901;0.0144;0.0432
bitcoincash,bitcoin,ether;33_matrix_add_float;FIELD;semihonest;replicated-field;NA;NA;NA;10;30;0.183644;~901;0.0144;0.0432
bitcoincash,bitcoin,ether;33_matrix_add_float;FIELD;semihonest;replicated-field;NA;NA;NA;5;30;0.390605;~901;0.0144;0.0432
bitcoincash,bitcoin,ether;33_matrix_add_float;RING;semihonest;replicated-ring;NA;NA;901;100;30;0.0955218;~901;0.0144;0.0432
bitcoincash,bitcoin,ether;33_matrix_add_float;RING;semihonest;replicated-ring;NA;NA;NA;95;30;0.0909142;~901;0.0144;0.0432
bitcoincash,bitcoin,ether;33_matrix_add_float;RING;semihonest;replicated-ring;NA;NA;NA;90;30;0.0959038;~901;0.0144;0.0432
bitcoincash,bitcoin,ether;33_matrix_add_float;RING;semihonest;replicated-ring;NA;NA;NA;85;30;0.125872;~901;0.0144;0.0432
bitcoincash,bitcoin,ether;33_matrix_add_float;RING;semihonest;replicated-ring;NA;NA;NA;80;30;0.090919;~901;0.0144;0.0432
bitcoincash,bitcoin,ether;33_matrix_add_float;RING;semihonest;replicated-ring;NA;NA;NA;75;30;0.0920215;~901;0.0144;0.0432
bitcoincash,bitcoin,ether;33_matrix_add_float;RING;semihonest;replicated-ring;NA;NA;NA;70;30;0.0998582;~901;0.0144;0.0432
bitcoincash,bitcoin,ether;33_matrix_add_float;RING;semihonest;replicated-ring;NA;NA;NA;65;30;0.111703;~901;0.0144;0.0432
bitcoincash,bitcoin,ether;33_matrix_add_float;RING;semihonest;replicated-ring;NA;NA;NA;60;30;0.102057;~901;0.0144;0.0432
bitcoincash,bitcoin,ether;33_matrix_add_float;RING;semihonest;replicated-ring;NA;NA;NA;55;30;0.0946808;~901;0.0144;0.0432
bitcoincash,bitcoin,ether;33_matrix_add_float;RING;semihonest;replicated-ring;NA;NA;NA;50;30;0.0923561;~901;0.0144;0.0432
bitcoincash,bitcoin,ether;33_matrix_add_float;RING;semihonest;replicated-ring;NA;NA;NA;45;30;0.0978615;~901;0.0144;0.0432
bitcoincash,bitcoin,ether;33_matrix_add_float;RING;semihonest;replicated-ring;NA;NA;NA;40;30;0.0968647;~901;0.0144;0.0432
bitcoincash,bitcoin,ether;33_matrix_add_float;RING;semihonest;replicated-ring;NA;NA;NA;35;30;0.113904;~901;0.0144;0.0432
bitcoincash,bitcoin,ether;33_matrix_add_float;RING;semihonest;replicated-ring;NA;NA;NA;30;30;0.0998546;~901;0.0144;0.0432
bitcoincash,bitcoin,ether;33_matrix_add_float;RING;semihonest;replicated-ring;NA;NA;NA;25;30;0.096223;~901;0.0144;0.0432
bitcoincash,bitcoin,ether;33_matrix_add_float;RING;semihonest;replicated-ring;NA;NA;NA;20;30;0.0988334;~901;0.0144;0.0432
bitcoincash,bitcoin,ether;33_matrix_add_float;RING;semihonest;replicated-ring;NA;NA;NA;15;30;0.109981;~901;0.0144;0.0432
bitcoincash,bitcoin,ether;33_matrix_add_float;RING;semihonest;replicated-ring;NA;NA;NA;10;30;0.187453;~901;0.0144;0.0432
bitcoincash,bitcoin,ether;33_matrix_add_float;RING;semihonest;replicated-ring;NA;NA;NA;5;30;0.383479;~901;0.0144;0.0432
bitcoincash,bitcoin,ether;33_matrix_add_float;BINARY;semihonest;shamir-bmr;NA;248400;84601;100;30;41.1123;NA;317;NA
bitcoincash,bitcoin,ether;33_matrix_add_float;BINARY;semihonest;shamir-bmr;NA;NA;NA;95;30;42.8723;NA;317;NA
bitcoincash,bitcoin,ether;33_matrix_add_float;BINARY;semihonest;shamir-bmr;NA;NA;NA;90;30;45.3363;NA;317;NA
bitcoincash,bitcoin,ether;33_matrix_add_float;BINARY;semihonest;shamir-bmr;NA;NA;NA;85;30;47.1653;NA;317;NA
bitcoincash,bitcoin,ether;33_matrix_add_float;BINARY;semihonest;shamir-bmr;NA;NA;NA;80;30;49.3253;NA;317;NA
bitcoincash,bitcoin,ether;33_matrix_add_float;BINARY;semihonest;shamir-bmr;NA;NA;NA;75;30;52.5375;NA;317;NA
bitcoincash,bitcoin,ether;33_matrix_add_float;BINARY;semihonest;shamir-bmr;NA;NA;NA;70;30;55.1338;NA;317;NA
bitcoincash,bitcoin,ether;33_matrix_add_float;BINARY;semihonest;shamir-bmr;NA;NA;NA;65;30;58.209;NA;317;NA
bitcoincash,bitcoin,ether;33_matrix_add_float;BINARY;semihonest;shamir-bmr;NA;NA;NA;60;30;62.6447;NA;317;NA
bitcoincash,bitcoin,ether;33_matrix_add_float;BINARY;semihonest;shamir-bmr;NA;NA;NA;55;30;66.7862;NA;317;NA
bitcoincash,bitcoin,ether;33_matrix_add_float;BINARY;semihonest;shamir-bmr;NA;NA;NA;50;30;72.3341;NA;317;NA
bitcoincash,bitcoin,ether;33_matrix_add_float;BINARY;semihonest;shamir-bmr;NA;NA;NA;45;30;80.5012;NA;317;NA
bitcoincash,bitcoin,ether;33_matrix_add_float;BINARY;semihonest;shamir-bmr;NA;NA;NA;40;30;88.3186;NA;317;NA
bitcoincash,bitcoin,ether;33_matrix_add_float;BINARY;semihonest;shamir-bmr;NA;NA;NA;35;30;98.9336;NA;317;NA
bitcoincash,bitcoin,ether;33_matrix_add_float;BINARY;semihonest;shamir-bmr;NA;NA;NA;30;30;114.498;NA;317;NA
bitcoincash,bitcoin,ether;33_matrix_add_float;BINARY;semihonest;shamir-bmr;NA;NA;NA;25;30;134.741;NA;317;NA
bitcoincash,bitcoin,ether;33_matrix_add_float;BINARY;semihonest;shamir-bmr;NA;NA;NA;20;30;165.911;NA;317;NA
bitcoincash,bitcoin,ether;33_matrix_add_float;BINARY;semihonest;shamir-bmr;NA;NA;NA;15;30;217.371;NA;317;NA
bitcoincash,bitcoin,ether;33_matrix_add_float;BINARY;semihonest;shamir-bmr;NA;NA;NA;10;30;325.124;NA;317;NA
bitcoincash,bitcoin,ether;33_matrix_add_float;BINARY;semihonest;shamir-bmr;NA;NA;NA;5;30;647.099;NA;317;NA
bitcoincash,bitcoin,ether;33_matrix_add_float;BINARY;semihonest;rep-bmr;NA;248400;84601;100;30;19.3075;NA;155;NA
bitcoincash,bitcoin,ether;33_matrix_add_float;BINARY;semihonest;rep-bmr;NA;NA;NA;95;30;20.1675;NA;155;NA
bitcoincash,bitcoin,ether;33_matrix_add_float;BINARY;semihonest;rep-bmr;NA;NA;NA;90;30;20.5722;NA;155;NA
bitcoincash,bitcoin,ether;33_matrix_add_float;BINARY;semihonest;rep-bmr;NA;NA;NA;85;30;22.1655;NA;155;NA
bitcoincash,bitcoin,ether;33_matrix_add_float;BINARY;semihonest;rep-bmr;NA;NA;NA;80;30;22.715;NA;155;NA
bitcoincash,bitcoin,ether;33_matrix_add_float;BINARY;semihonest;rep-bmr;NA;NA;NA;75;30;24.2562;NA;155;NA
bitcoincash,bitcoin,ether;33_matrix_add_float;BINARY;semihonest;rep-bmr;NA;NA;NA;70;30;24.5201;NA;155;NA
bitcoincash,bitcoin,ether;33_matrix_add_float;BINARY;semihonest;rep-bmr;NA;NA;NA;65;30;26.1417;NA;155;NA
bitcoincash,bitcoin,ether;33_matrix_add_float;BINARY;semihonest;rep-bmr;NA;NA;NA;60;30;29.3635;NA;155;NA
bitcoincash,bitcoin,ether;33_matrix_add_float;BINARY;semihonest;rep-bmr;NA;NA;NA;55;30;30.4546;NA;155;NA
bitcoincash,bitcoin,ether;33_matrix_add_float;BINARY;semihonest;rep-bmr;NA;NA;NA;50;30;33.3381;NA;155;NA
bitcoincash,bitcoin,ether;33_matrix_add_float;BINARY;semihonest;rep-bmr;NA;NA;NA;45;30;35.0704;NA;155;NA
bitcoincash,bitcoin,ether;33_matrix_add_float;BINARY;semihonest;rep-bmr;NA;NA;NA;40;30;38.5812;NA;155;NA
bitcoincash,bitcoin,ether;33_matrix_add_float;BINARY;semihonest;rep-bmr;NA;NA;NA;35;30;43.3908;NA;155;NA
bitcoincash,bitcoin,ether;33_matrix_add_float;BINARY;semihonest;rep-bmr;NA;NA;NA;30;30;50.2194;NA;155;NA
bitcoincash,bitcoin,ether;33_matrix_add_float;BINARY;semihonest;rep-bmr;NA;NA;NA;25;30;58.4052;NA;155;NA
bitcoincash,bitcoin,ether;33_matrix_add_float;BINARY;semihonest;rep-bmr;NA;NA;NA;20;30;71.8818;NA;155;NA
bitcoincash,bitcoin,ether;33_matrix_add_float;BINARY;semihonest;rep-bmr;NA;NA;NA;15;30;94.1238;NA;155;NA
bitcoincash,bitcoin,ether;33_matrix_add_float;BINARY;semihonest;rep-bmr;NA;NA;NA;10;30;139.423;NA;155;NA
bitcoincash,bitcoin,ether;33_matrix_add_float;BINARY;semihonest;rep-bmr;NA;NA;NA;5;30;279.671;NA;155;NA
bitcoincash,bitcoin,ether;33_matrix_add_float;BINARY;semihonest;replicated-bin;NA;248400;84601;100;30;4.39027;NA;0.283548;NA
bitcoincash,bitcoin,ether;33_matrix_add_float;BINARY;semihonest;replicated-bin;NA;NA;NA;95;30;4.434;NA;0.283548;NA
bitcoincash,bitcoin,ether;33_matrix_add_float;BINARY;semihonest;replicated-bin;NA;NA;NA;90;30;4.20407;NA;0.283548;NA
bitcoincash,bitcoin,ether;33_matrix_add_float;BINARY;semihonest;replicated-bin;NA;NA;NA;85;30;4.23188;NA;0.283548;NA
bitcoincash,bitcoin,ether;33_matrix_add_float;BINARY;semihonest;replicated-bin;NA;NA;NA;80;30;4.40295;NA;0.283548;NA
bitcoincash,bitcoin,ether;33_matrix_add_float;BINARY;semihonest;replicated-bin;NA;NA;NA;75;30;4.34999;NA;0.283548;NA
bitcoincash,bitcoin,ether;33_matrix_add_float;BINARY;semihonest;replicated-bin;NA;NA;NA;70;30;4.43909;NA;0.283548;NA
bitcoincash,bitcoin,ether;33_matrix_add_float;BINARY;semihonest;replicated-bin;NA;NA;NA;65;30;4.03598;NA;0.283548;NA
bitcoincash,bitcoin,ether;33_matrix_add_float;BINARY;semihonest;replicated-bin;NA;NA;NA;60;30;4.30418;NA;0.283548;NA
bitcoincash,bitcoin,ether;33_matrix_add_float;BINARY;semihonest;replicated-bin;NA;NA;NA;55;30;4.35945;NA;0.283548;NA
bitcoincash,bitcoin,ether;33_matrix_add_float;BINARY;semihonest;replicated-bin;NA;NA;NA;50;30;4.50462;NA;0.283548;NA
bitcoincash,bitcoin,ether;33_matrix_add_float;BINARY;semihonest;replicated-bin;NA;NA;NA;45;30;4.13513;NA;0.283548;NA
bitcoincash,bitcoin,ether;33_matrix_add_float;BINARY;semihonest;replicated-bin;NA;NA;NA;40;30;4.56033;NA;0.283548;NA
bitcoincash,bitcoin,ether;33_matrix_add_float;BINARY;semihonest;replicated-bin;NA;NA;NA;35;30;4.09499;NA;0.283548;NA
bitcoincash,bitcoin,ether;33_matrix_add_float;BINARY;semihonest;replicated-bin;NA;NA;NA;30;30;4.55564;NA;0.283548;NA
bitcoincash,bitcoin,ether;33_matrix_add_float;BINARY;semihonest;replicated-bin;NA;NA;NA;25;30;4.31209;NA;0.283548;NA
bitcoincash,bitcoin,ether;33_matrix_add_float;BINARY;semihonest;replicated-bin;NA;NA;NA;20;30;4.69935;NA;0.283548;NA
bitcoincash,bitcoin,ether;33_matrix_add_float;BINARY;semihonest;replicated-bin;NA;NA;NA;15;30;6.1096;NA;0.283548;NA
bitcoincash,bitcoin,ether;33_matrix_add_float;BINARY;semihonest;replicated-bin;NA;NA;NA;10;30;9.52007;NA;0.283548;NA
bitcoincash,bitcoin,ether;33_matrix_add_float;BINARY;semihonest;replicated-bin;NA;NA;NA;5;30;19.1406;NA;0.283548;NA
bitcoincash,bitcoin,ether;33_matrix_add_float;BINARY;semihonest;ccd;NA;248400;84601;100;30;5.16518;NA;0.5805;NA
bitcoincash,bitcoin,ether;33_matrix_add_float;BINARY;semihonest;ccd;NA;NA;NA;95;30;5.22878;NA;0.5805;NA
bitcoincash,bitcoin,ether;33_matrix_add_float;BINARY;semihonest;ccd;NA;NA;NA;90;30;5.33667;NA;0.5805;NA
bitcoincash,bitcoin,ether;33_matrix_add_float;BINARY;semihonest;ccd;NA;NA;NA;85;30;5.24394;NA;0.5805;NA
bitcoincash,bitcoin,ether;33_matrix_add_float;BINARY;semihonest;ccd;NA;NA;NA;80;30;5.16881;NA;0.5805;NA
bitcoincash,bitcoin,ether;33_matrix_add_float;BINARY;semihonest;ccd;NA;NA;NA;75;30;5.35643;NA;0.5805;NA
bitcoincash,bitcoin,ether;33_matrix_add_float;BINARY;semihonest;ccd;NA;NA;NA;70;30;5.31813;NA;0.5805;NA
bitcoincash,bitcoin,ether;33_matrix_add_float;BINARY;semihonest;ccd;NA;NA;NA;65;30;5.2082;NA;0.5805;NA
bitcoincash,bitcoin,ether;33_matrix_add_float;BINARY;semihonest;ccd;NA;NA;NA;60;30;5.26363;NA;0.5805;NA
bitcoincash,bitcoin,ether;33_matrix_add_float;BINARY;semihonest;ccd;NA;NA;NA;55;30;5.16072;NA;0.5805;NA
bitcoincash,bitcoin,ether;33_matrix_add_float;BINARY;semihonest;ccd;NA;NA;NA;50;30;5.1246;NA;0.5805;NA
bitcoincash,bitcoin,ether;33_matrix_add_float;BINARY;semihonest;ccd;NA;NA;NA;45;30;5.19262;NA;0.5805;NA
bitcoincash,bitcoin,ether;33_matrix_add_float;BINARY;semihonest;ccd;NA;NA;NA;40;30;4.98884;NA;0.5805;NA
bitcoincash,bitcoin,ether;33_matrix_add_float;BINARY;semihonest;ccd;NA;NA;NA;35;30;5.33229;NA;0.5805;NA
bitcoincash,bitcoin,ether;33_matrix_add_float;BINARY;semihonest;ccd;NA;NA;NA;30;30;6.02687;NA;0.5805;NA
bitcoincash,bitcoin,ether;33_matrix_add_float;BINARY;semihonest;ccd;NA;NA;NA;25;30;7.44961;NA;0.5805;NA
bitcoincash,bitcoin,ether;33_matrix_add_float;BINARY;semihonest;ccd;NA;NA;NA;20;30;9.38058;NA;0.5805;NA
bitcoincash,bitcoin,ether;33_matrix_add_float;BINARY;semihonest;ccd;NA;NA;NA;15;30;12.4328;NA;0.5805;NA
bitcoincash,bitcoin,ether;33_matrix_add_float;BINARY;semihonest;ccd;NA;NA;NA;10;30;18.5194;NA;0.5805;NA
bitcoincash,bitcoin,ether;33_matrix_add_float;BINARY;semihonest;ccd;NA;NA;NA;5;30;36.0563;NA;0.5805;NA
