program;c.domain;adv.model;protocol;partysize;comp.time(s);comp.peakRAM(MiB);bin.filesize(MiB);comp.P0intin;comp.P1intin;comp.P2intin;comp.P0bitin;comp.P1bitin;compP2bitin;comp.intbits;comp.inttriples;comp.bittriples;comp.vmrounds;bandwidths(Mbs);input_size;runtime_internal(s);runtime_external(s);peakRAM(MiB);jobCPU(%);P0commRounds;P0dataSent(MB);ALLdataSent(MB);Tx(MB);Tx(rounds);Tx(s);Rx(MB);Rx(rounds);Rx(s);Brcasting(MB);Brcasting(rounds);Brcasting(s);TxRx(MB);TxRx(rounds);TxRx(s);Passing(MB);Passing(rounds);Passing(s);Part.Brcasting(MB);Part.Brcasting(rounds);Part.Brcasting(s);Ex(MB);Ex(rounds);Ex(s);Ex1to1(MB);Ex1to1(rounds);Ex1to1(s);Rx1to1(MB);Rx1to1(rounds);Rx1to1(s);Tx1to1(MB);Tx1to1(rounds);Tx1to1(s);Txtoall(MB);Txtoall(rounds);Txtoall(s)
32;FIELD;maldishonest;mascot;3;0.55;29;1;900;900;900;NA;NA;NA;NA;NA;NA;901;10;30;50.2631;50.34;258;66;~3671;41.0727;123.189;NA;NA;NA;NA;NA;NA;NA;NA;NA;NA;NA;NA;NA;NA;NA;NA;NA;NA;NA;NA;NA;NA;NA;NA;NA;NA;NA;NA;NA;NA;NA;NA;NA
32;FIELD;maldishonest;mascot;3;NA;NA;NA;NA;NA;NA;NA;NA;NA;NA;NA;NA;NA;15;30;33.7738;33.85;260;66;~3671;41.0727;123.189;NA;NA;NA;NA;NA;NA;NA;NA;NA;NA;NA;NA;NA;NA;NA;NA;NA;NA;NA;NA;NA;NA;NA;NA;NA;NA;NA;NA;NA;NA;NA;NA;NA
32;FIELD;maldishonest;mascot;3;NA;NA;NA;NA;NA;NA;NA;NA;NA;NA;NA;NA;NA;20;30;25.5919;25.67;260;66;~3671;41.0727;123.189;NA;NA;NA;NA;NA;NA;NA;NA;NA;NA;NA;NA;NA;NA;NA;NA;NA;NA;NA;NA;NA;NA;NA;NA;NA;NA;NA;NA;NA;NA;NA;NA;NA
32;FIELD;maldishonest;mascot;3;NA;NA;NA;NA;NA;NA;NA;NA;NA;NA;NA;NA;NA;25;30;20.5717;20.64;260;66;~3671;41.0727;123.189;NA;NA;NA;NA;NA;NA;NA;NA;NA;NA;NA;NA;NA;NA;NA;NA;NA;NA;NA;NA;NA;NA;NA;NA;NA;NA;NA;NA;NA;NA;NA;NA;NA
32;FIELD;maldishonest;mascot;3;NA;NA;NA;NA;NA;NA;NA;NA;NA;NA;NA;NA;NA;30;30;17.3177;17.38;260;67;~3671;41.0727;123.189;NA;NA;NA;NA;NA;NA;NA;NA;NA;NA;NA;NA;NA;NA;NA;NA;NA;NA;NA;NA;NA;NA;NA;NA;NA;NA;NA;NA;NA;NA;NA;NA;NA
32;FIELD;maldishonest;mascot;3;NA;NA;NA;NA;NA;NA;NA;NA;NA;NA;NA;NA;NA;35;30;14.9751;15.05;262;67;~3671;41.0727;123.189;NA;NA;NA;NA;NA;NA;NA;NA;NA;NA;NA;NA;NA;NA;NA;NA;NA;NA;NA;NA;NA;NA;NA;NA;NA;NA;NA;NA;NA;NA;NA;NA;NA
32;FIELD;maldishonest;mascot;3;NA;NA;NA;NA;NA;NA;NA;NA;NA;NA;NA;NA;NA;40;30;13.2468;13.32;260;68;~3671;41.0727;123.189;NA;NA;NA;NA;NA;NA;NA;NA;NA;NA;NA;NA;NA;NA;NA;NA;NA;NA;NA;NA;NA;NA;NA;NA;NA;NA;NA;NA;NA;NA;NA;NA;NA
32;FIELD;maldishonest;mascot;3;NA;NA;NA;NA;NA;NA;NA;NA;NA;NA;NA;NA;NA;45;30;11.9372;12.01;258;68;~3671;41.0727;123.189;NA;NA;NA;NA;NA;NA;NA;NA;NA;NA;NA;NA;NA;NA;NA;NA;NA;NA;NA;NA;NA;NA;NA;NA;NA;NA;NA;NA;NA;NA;NA;NA;NA
32;FIELD;maldishonest;mascot;3;NA;NA;NA;NA;NA;NA;NA;NA;NA;NA;NA;NA;NA;50;30;10.8063;10.87;260;68;~3671;41.0727;123.189;NA;NA;NA;NA;NA;NA;NA;NA;NA;NA;NA;NA;NA;NA;NA;NA;NA;NA;NA;NA;NA;NA;NA;NA;NA;NA;NA;NA;NA;NA;NA;NA;NA
32;FIELD;maldishonest;mascot;3;NA;NA;NA;NA;NA;NA;NA;NA;NA;NA;NA;NA;NA;55;30;9.94253;10.01;258;68;~3671;41.0727;123.189;NA;NA;NA;NA;NA;NA;NA;NA;NA;NA;NA;NA;NA;NA;NA;NA;NA;NA;NA;NA;NA;NA;NA;NA;NA;NA;NA;NA;NA;NA;NA;NA;NA
32;FIELD;maldishonest;mascot;3;NA;NA;NA;NA;NA;NA;NA;NA;NA;NA;NA;NA;NA;60;30;9.16437;9.23;258;68;~3671;41.0727;123.189;NA;NA;NA;NA;NA;NA;NA;NA;NA;NA;NA;NA;NA;NA;NA;NA;NA;NA;NA;NA;NA;NA;NA;NA;NA;NA;NA;NA;NA;NA;NA;NA;NA
32;FIELD;maldishonest;mascot;3;NA;NA;NA;NA;NA;NA;NA;NA;NA;NA;NA;NA;NA;65;30;8.60782;8.69;260;69;~3671;41.0727;123.189;NA;NA;NA;NA;NA;NA;NA;NA;NA;NA;NA;NA;NA;NA;NA;NA;NA;NA;NA;NA;NA;NA;NA;NA;NA;NA;NA;NA;NA;NA;NA;NA;NA
32;FIELD;maldishonest;mascot;3;NA;NA;NA;NA;NA;NA;NA;NA;NA;NA;NA;NA;NA;70;30;8.092;8.16;260;69;~3671;41.0727;123.189;NA;NA;NA;NA;NA;NA;NA;NA;NA;NA;NA;NA;NA;NA;NA;NA;NA;NA;NA;NA;NA;NA;NA;NA;NA;NA;NA;NA;NA;NA;NA;NA;NA
32;FIELD;maldishonest;mascot;3;NA;NA;NA;NA;NA;NA;NA;NA;NA;NA;NA;NA;NA;75;30;7.52089;7.59;262;68;~3671;41.0727;123.189;NA;NA;NA;NA;NA;NA;NA;NA;NA;NA;NA;NA;NA;NA;NA;NA;NA;NA;NA;NA;NA;NA;NA;NA;NA;NA;NA;NA;NA;NA;NA;NA;NA
32;FIELD;maldishonest;mascot;3;NA;NA;NA;NA;NA;NA;NA;NA;NA;NA;NA;NA;NA;80;30;7.10506;7.17;258;70;~3671;41.0727;123.189;NA;NA;NA;NA;NA;NA;NA;NA;NA;NA;NA;NA;NA;NA;NA;NA;NA;NA;NA;NA;NA;NA;NA;NA;NA;NA;NA;NA;NA;NA;NA;NA;NA
32;FIELD;maldishonest;mascot;3;NA;NA;NA;NA;NA;NA;NA;NA;NA;NA;NA;NA;NA;85;30;6.75206;6.82;260;69;~3671;41.0727;123.189;NA;NA;NA;NA;NA;NA;NA;NA;NA;NA;NA;NA;NA;NA;NA;NA;NA;NA;NA;NA;NA;NA;NA;NA;NA;NA;NA;NA;NA;NA;NA;NA;NA
32;FIELD;maldishonest;mascot;3;NA;NA;NA;NA;NA;NA;NA;NA;NA;NA;NA;NA;NA;90;30;6.34801;6.42;260;70;~3671;41.0727;123.189;NA;NA;NA;NA;NA;NA;NA;NA;NA;NA;NA;NA;NA;NA;NA;NA;NA;NA;NA;NA;NA;NA;NA;NA;NA;NA;NA;NA;NA;NA;NA;NA;NA
32;FIELD;maldishonest;mascot;3;NA;NA;NA;NA;NA;NA;NA;NA;NA;NA;NA;NA;NA;95;30;6.11775;6.19;260;70;~3671;41.0727;123.189;NA;NA;NA;NA;NA;NA;NA;NA;NA;NA;NA;NA;NA;NA;NA;NA;NA;NA;NA;NA;NA;NA;NA;NA;NA;NA;NA;NA;NA;NA;NA;NA;NA
32;FIELD;maldishonest;mascot;3;NA;NA;NA;NA;NA;NA;NA;NA;NA;NA;NA;NA;NA;100;30;5.97602;6.05;260;70;~3671;41.0727;123.189;NA;NA;NA;NA;NA;NA;NA;NA;NA;NA;NA;NA;NA;NA;NA;NA;NA;NA;NA;NA;NA;NA;NA;NA;NA;NA;NA;NA;NA;NA;NA;NA;NA
32;FIELD;semidishonest;hemi;3;0.55;29;1;900;900;900;NA;NA;NA;NA;NA;NA;901;10;30;0.121033;1.21;17;91;~3600;0.0288;0.0576;NA;NA;NA;NA;NA;NA;NA;NA;NA;NA;NA;NA;NA;NA;NA;NA;NA;NA;NA;NA;NA;NA;NA;NA;NA;NA;NA;NA;NA;NA;NA;NA;NA
32;FIELD;semidishonest;hemi;3;NA;NA;NA;NA;NA;NA;NA;NA;NA;NA;NA;NA;NA;15;30;0.126803;0.87;18;88;~3600;0.0288;0.0576;NA;NA;NA;NA;NA;NA;NA;NA;NA;NA;NA;NA;NA;NA;NA;NA;NA;NA;NA;NA;NA;NA;NA;NA;NA;NA;NA;NA;NA;NA;NA;NA;NA
32;FIELD;semidishonest;hemi;3;NA;NA;NA;NA;NA;NA;NA;NA;NA;NA;NA;NA;NA;20;30;0.132075;0.71;20;86;~3600;0.0288;0.0576;NA;NA;NA;NA;NA;NA;NA;NA;NA;NA;NA;NA;NA;NA;NA;NA;NA;NA;NA;NA;NA;NA;NA;NA;NA;NA;NA;NA;NA;NA;NA;NA;NA
32;FIELD;semidishonest;hemi;3;NA;NA;NA;NA;NA;NA;NA;NA;NA;NA;NA;NA;NA;25;30;0.106579;0.58;18;86;~3600;0.0288;0.0576;NA;NA;NA;NA;NA;NA;NA;NA;NA;NA;NA;NA;NA;NA;NA;NA;NA;NA;NA;NA;NA;NA;NA;NA;NA;NA;NA;NA;NA;NA;NA;NA;NA
32;FIELD;semidishonest;hemi;3;NA;NA;NA;NA;NA;NA;NA;NA;NA;NA;NA;NA;NA;30;30;0.12878;0.53;18;80;~3600;0.0288;0.0576;NA;NA;NA;NA;NA;NA;NA;NA;NA;NA;NA;NA;NA;NA;NA;NA;NA;NA;NA;NA;NA;NA;NA;NA;NA;NA;NA;NA;NA;NA;NA;NA;NA
32;FIELD;semidishonest;hemi;3;NA;NA;NA;NA;NA;NA;NA;NA;NA;NA;NA;NA;NA;35;30;0.112152;0.47;20;81;~3600;0.0288;0.0576;NA;NA;NA;NA;NA;NA;NA;NA;NA;NA;NA;NA;NA;NA;NA;NA;NA;NA;NA;NA;NA;NA;NA;NA;NA;NA;NA;NA;NA;NA;NA;NA;NA
32;FIELD;semidishonest;hemi;3;NA;NA;NA;NA;NA;NA;NA;NA;NA;NA;NA;NA;NA;40;30;0.119639;0.47;18;78;~3600;0.0288;0.0576;NA;NA;NA;NA;NA;NA;NA;NA;NA;NA;NA;NA;NA;NA;NA;NA;NA;NA;NA;NA;NA;NA;NA;NA;NA;NA;NA;NA;NA;NA;NA;NA;NA
32;FIELD;semidishonest;hemi;3;NA;NA;NA;NA;NA;NA;NA;NA;NA;NA;NA;NA;NA;45;30;0.120525;0.43;18;76;~3600;0.0288;0.0576;NA;NA;NA;NA;NA;NA;NA;NA;NA;NA;NA;NA;NA;NA;NA;NA;NA;NA;NA;NA;NA;NA;NA;NA;NA;NA;NA;NA;NA;NA;NA;NA;NA
32;FIELD;semidishonest;hemi;3;NA;NA;NA;NA;NA;NA;NA;NA;NA;NA;NA;NA;NA;50;30;0.0818166;0.39;18;81;~3600;0.0288;0.0576;NA;NA;NA;NA;NA;NA;NA;NA;NA;NA;NA;NA;NA;NA;NA;NA;NA;NA;NA;NA;NA;NA;NA;NA;NA;NA;NA;NA;NA;NA;NA;NA;NA
32;FIELD;semidishonest;hemi;3;NA;NA;NA;NA;NA;NA;NA;NA;NA;NA;NA;NA;NA;55;30;0.146986;0.45;18;75;~3600;0.0288;0.0576;NA;NA;NA;NA;NA;NA;NA;NA;NA;NA;NA;NA;NA;NA;NA;NA;NA;NA;NA;NA;NA;NA;NA;NA;NA;NA;NA;NA;NA;NA;NA;NA;NA
32;FIELD;semidishonest;hemi;3;NA;NA;NA;NA;NA;NA;NA;NA;NA;NA;NA;NA;NA;60;30;0.0886604;0.35;18;75;~3600;0.0288;0.0576;NA;NA;NA;NA;NA;NA;NA;NA;NA;NA;NA;NA;NA;NA;NA;NA;NA;NA;NA;NA;NA;NA;NA;NA;NA;NA;NA;NA;NA;NA;NA;NA;NA
32;FIELD;semidishonest;hemi;3;NA;NA;NA;NA;NA;NA;NA;NA;NA;NA;NA;NA;NA;65;30;0.123105;0.36;20;75;~3600;0.0288;0.0576;NA;NA;NA;NA;NA;NA;NA;NA;NA;NA;NA;NA;NA;NA;NA;NA;NA;NA;NA;NA;NA;NA;NA;NA;NA;NA;NA;NA;NA;NA;NA;NA;NA
32;FIELD;semidishonest;hemi;3;NA;NA;NA;NA;NA;NA;NA;NA;NA;NA;NA;NA;NA;70;30;0.153031;0.39;18;70;~3600;0.0288;0.0576;NA;NA;NA;NA;NA;NA;NA;NA;NA;NA;NA;NA;NA;NA;NA;NA;NA;NA;NA;NA;NA;NA;NA;NA;NA;NA;NA;NA;NA;NA;NA;NA;NA
32;FIELD;semidishonest;hemi;3;NA;NA;NA;NA;NA;NA;NA;NA;NA;NA;NA;NA;NA;75;30;0.1297;0.35;18;71;~3600;0.0288;0.0576;NA;NA;NA;NA;NA;NA;NA;NA;NA;NA;NA;NA;NA;NA;NA;NA;NA;NA;NA;NA;NA;NA;NA;NA;NA;NA;NA;NA;NA;NA;NA;NA;NA
32;FIELD;semidishonest;hemi;3;NA;NA;NA;NA;NA;NA;NA;NA;NA;NA;NA;NA;NA;80;30;0.108415;0.32;18;71;~3600;0.0288;0.0576;NA;NA;NA;NA;NA;NA;NA;NA;NA;NA;NA;NA;NA;NA;NA;NA;NA;NA;NA;NA;NA;NA;NA;NA;NA;NA;NA;NA;NA;NA;NA;NA;NA
32;FIELD;semidishonest;hemi;3;NA;NA;NA;NA;NA;NA;NA;NA;NA;NA;NA;NA;NA;85;30;0.114242;0.31;18;73;~3600;0.0288;0.0576;NA;NA;NA;NA;NA;NA;NA;NA;NA;NA;NA;NA;NA;NA;NA;NA;NA;NA;NA;NA;NA;NA;NA;NA;NA;NA;NA;NA;NA;NA;NA;NA;NA
32;FIELD;semidishonest;hemi;3;NA;NA;NA;NA;NA;NA;NA;NA;NA;NA;NA;NA;NA;90;30;0.0862847;0.29;18;76;~3600;0.0288;0.0576;NA;NA;NA;NA;NA;NA;NA;NA;NA;NA;NA;NA;NA;NA;NA;NA;NA;NA;NA;NA;NA;NA;NA;NA;NA;NA;NA;NA;NA;NA;NA;NA;NA
32;FIELD;semidishonest;hemi;3;NA;NA;NA;NA;NA;NA;NA;NA;NA;NA;NA;NA;NA;95;30;0.079746;0.26;18;73;~3600;0.0288;0.0576;NA;NA;NA;NA;NA;NA;NA;NA;NA;NA;NA;NA;NA;NA;NA;NA;NA;NA;NA;NA;NA;NA;NA;NA;NA;NA;NA;NA;NA;NA;NA;NA;NA
32;FIELD;semidishonest;hemi;3;NA;NA;NA;NA;NA;NA;NA;NA;NA;NA;NA;NA;NA;100;30;0.169692;0.35;18;62;~3600;0.0288;0.0576;NA;NA;NA;NA;NA;NA;NA;NA;NA;NA;NA;NA;NA;NA;NA;NA;NA;NA;NA;NA;NA;NA;NA;NA;NA;NA;NA;NA;NA;NA;NA;NA;NA
32;FIELD;semidishonest;semi;3;0.55;29;1;900;900;900;NA;NA;NA;NA;NA;NA;901;10;30;0.120381;0.18;12;48;~3600;0.0288;0.0576;NA;NA;NA;NA;NA;NA;NA;NA;NA;NA;NA;NA;NA;NA;NA;NA;NA;NA;NA;NA;NA;NA;NA;NA;NA;NA;NA;NA;NA;NA;NA;NA;NA
32;FIELD;semidishonest;semi;3;NA;NA;NA;NA;NA;NA;NA;NA;NA;NA;NA;NA;NA;15;30;0.104885;0.16;13;54;~3600;0.0288;0.0576;NA;NA;NA;NA;NA;NA;NA;NA;NA;NA;NA;NA;NA;NA;NA;NA;NA;NA;NA;NA;NA;NA;NA;NA;NA;NA;NA;NA;NA;NA;NA;NA;NA
32;FIELD;semidishonest;semi;3;NA;NA;NA;NA;NA;NA;NA;NA;NA;NA;NA;NA;NA;20;30;0.124908;0.18;12;45;~3600;0.0288;0.0576;NA;NA;NA;NA;NA;NA;NA;NA;NA;NA;NA;NA;NA;NA;NA;NA;NA;NA;NA;NA;NA;NA;NA;NA;NA;NA;NA;NA;NA;NA;NA;NA;NA
32;FIELD;semidishonest;semi;3;NA;NA;NA;NA;NA;NA;NA;NA;NA;NA;NA;NA;NA;25;30;0.096786;0.16;14;53;~3600;0.0288;0.0576;NA;NA;NA;NA;NA;NA;NA;NA;NA;NA;NA;NA;NA;NA;NA;NA;NA;NA;NA;NA;NA;NA;NA;NA;NA;NA;NA;NA;NA;NA;NA;NA;NA
32;FIELD;semidishonest;semi;3;NA;NA;NA;NA;NA;NA;NA;NA;NA;NA;NA;NA;NA;30;30;0.138189;0.19;14;48;~3600;0.0288;0.0576;NA;NA;NA;NA;NA;NA;NA;NA;NA;NA;NA;NA;NA;NA;NA;NA;NA;NA;NA;NA;NA;NA;NA;NA;NA;NA;NA;NA;NA;NA;NA;NA;NA
32;FIELD;semidishonest;semi;3;NA;NA;NA;NA;NA;NA;NA;NA;NA;NA;NA;NA;NA;35;30;0.0927017;0.16;14;54;~3600;0.0288;0.0576;NA;NA;NA;NA;NA;NA;NA;NA;NA;NA;NA;NA;NA;NA;NA;NA;NA;NA;NA;NA;NA;NA;NA;NA;NA;NA;NA;NA;NA;NA;NA;NA;NA
32;FIELD;semidishonest;semi;3;NA;NA;NA;NA;NA;NA;NA;NA;NA;NA;NA;NA;NA;40;30;0.0960841;0.16;14;52;~3600;0.0288;0.0576;NA;NA;NA;NA;NA;NA;NA;NA;NA;NA;NA;NA;NA;NA;NA;NA;NA;NA;NA;NA;NA;NA;NA;NA;NA;NA;NA;NA;NA;NA;NA;NA;NA
32;FIELD;semidishonest;semi;3;NA;NA;NA;NA;NA;NA;NA;NA;NA;NA;NA;NA;NA;45;30;0.0754924;0.15;14;48;~3600;0.0288;0.0576;NA;NA;NA;NA;NA;NA;NA;NA;NA;NA;NA;NA;NA;NA;NA;NA;NA;NA;NA;NA;NA;NA;NA;NA;NA;NA;NA;NA;NA;NA;NA;NA;NA
32;FIELD;semidishonest;semi;3;NA;NA;NA;NA;NA;NA;NA;NA;NA;NA;NA;NA;NA;50;30;0.0941905;0.16;12;50;~3600;0.0288;0.0576;NA;NA;NA;NA;NA;NA;NA;NA;NA;NA;NA;NA;NA;NA;NA;NA;NA;NA;NA;NA;NA;NA;NA;NA;NA;NA;NA;NA;NA;NA;NA;NA;NA
32;FIELD;semidishonest;semi;3;NA;NA;NA;NA;NA;NA;NA;NA;NA;NA;NA;NA;NA;55;30;0.0606645;0.13;14;61;~3600;0.0288;0.0576;NA;NA;NA;NA;NA;NA;NA;NA;NA;NA;NA;NA;NA;NA;NA;NA;NA;NA;NA;NA;NA;NA;NA;NA;NA;NA;NA;NA;NA;NA;NA;NA;NA
32;FIELD;semidishonest;semi;3;NA;NA;NA;NA;NA;NA;NA;NA;NA;NA;NA;NA;NA;60;30;0.100635;0.17;14;49;~3600;0.0288;0.0576;NA;NA;NA;NA;NA;NA;NA;NA;NA;NA;NA;NA;NA;NA;NA;NA;NA;NA;NA;NA;NA;NA;NA;NA;NA;NA;NA;NA;NA;NA;NA;NA;NA
32;FIELD;semidishonest;semi;3;NA;NA;NA;NA;NA;NA;NA;NA;NA;NA;NA;NA;NA;65;30;0.0622936;0.12;14;63;~3600;0.0288;0.0576;NA;NA;NA;NA;NA;NA;NA;NA;NA;NA;NA;NA;NA;NA;NA;NA;NA;NA;NA;NA;NA;NA;NA;NA;NA;NA;NA;NA;NA;NA;NA;NA;NA
32;FIELD;semidishonest;semi;3;NA;NA;NA;NA;NA;NA;NA;NA;NA;NA;NA;NA;NA;70;30;0.0713624;0.14;14;55;~3600;0.0288;0.0576;NA;NA;NA;NA;NA;NA;NA;NA;NA;NA;NA;NA;NA;NA;NA;NA;NA;NA;NA;NA;NA;NA;NA;NA;NA;NA;NA;NA;NA;NA;NA;NA;NA
32;FIELD;semidishonest;semi;3;NA;NA;NA;NA;NA;NA;NA;NA;NA;NA;NA;NA;NA;75;30;0.07502;0.14;14;54;~3600;0.0288;0.0576;NA;NA;NA;NA;NA;NA;NA;NA;NA;NA;NA;NA;NA;NA;NA;NA;NA;NA;NA;NA;NA;NA;NA;NA;NA;NA;NA;NA;NA;NA;NA;NA;NA
32;FIELD;semidishonest;semi;3;NA;NA;NA;NA;NA;NA;NA;NA;NA;NA;NA;NA;NA;80;30;0.063787;0.13;14;58;~3600;0.0288;0.0576;NA;NA;NA;NA;NA;NA;NA;NA;NA;NA;NA;NA;NA;NA;NA;NA;NA;NA;NA;NA;NA;NA;NA;NA;NA;NA;NA;NA;NA;NA;NA;NA;NA
32;FIELD;semidishonest;semi;3;NA;NA;NA;NA;NA;NA;NA;NA;NA;NA;NA;NA;NA;85;30;0.127983;0.20;14;45;~3600;0.0288;0.0576;NA;NA;NA;NA;NA;NA;NA;NA;NA;NA;NA;NA;NA;NA;NA;NA;NA;NA;NA;NA;NA;NA;NA;NA;NA;NA;NA;NA;NA;NA;NA;NA;NA
32;FIELD;semidishonest;semi;3;NA;NA;NA;NA;NA;NA;NA;NA;NA;NA;NA;NA;NA;90;30;0.0729257;0.14;14;55;~3600;0.0288;0.0576;NA;NA;NA;NA;NA;NA;NA;NA;NA;NA;NA;NA;NA;NA;NA;NA;NA;NA;NA;NA;NA;NA;NA;NA;NA;NA;NA;NA;NA;NA;NA;NA;NA
32;FIELD;semidishonest;semi;3;NA;NA;NA;NA;NA;NA;NA;NA;NA;NA;NA;NA;NA;95;30;0.075638;0.14;12;48;~3600;0.0288;0.0576;NA;NA;NA;NA;NA;NA;NA;NA;NA;NA;NA;NA;NA;NA;NA;NA;NA;NA;NA;NA;NA;NA;NA;NA;NA;NA;NA;NA;NA;NA;NA;NA;NA
32;FIELD;semidishonest;semi;3;NA;NA;NA;NA;NA;NA;NA;NA;NA;NA;NA;NA;NA;100;30;0.0589762;0.13;14;51;~3600;0.0288;0.0576;NA;NA;NA;NA;NA;NA;NA;NA;NA;NA;NA;NA;NA;NA;NA;NA;NA;NA;NA;NA;NA;NA;NA;NA;NA;NA;NA;NA;NA;NA;NA;NA;NA
32;FIELD;semidishonest;temi;3;0.55;29;1;900;900;900;NA;NA;NA;NA;NA;NA;901;10;30;0.157377;2.94;28;77;~3600;0.0288;0.0576;NA;NA;NA;NA;NA;NA;NA;NA;NA;NA;NA;NA;NA;NA;NA;NA;NA;NA;NA;NA;NA;NA;NA;NA;NA;NA;NA;NA;NA;NA;NA;NA;NA
32;FIELD;semidishonest;temi;3;NA;NA;NA;NA;NA;NA;NA;NA;NA;NA;NA;NA;NA;15;30;0.0809314;1.95;26;96;~3600;0.0288;0.0576;NA;NA;NA;NA;NA;NA;NA;NA;NA;NA;NA;NA;NA;NA;NA;NA;NA;NA;NA;NA;NA;NA;NA;NA;NA;NA;NA;NA;NA;NA;NA;NA;NA
32;FIELD;semidishonest;temi;3;NA;NA;NA;NA;NA;NA;NA;NA;NA;NA;NA;NA;NA;20;30;0.0760269;1.50;28;95;~3600;0.0288;0.0576;NA;NA;NA;NA;NA;NA;NA;NA;NA;NA;NA;NA;NA;NA;NA;NA;NA;NA;NA;NA;NA;NA;NA;NA;NA;NA;NA;NA;NA;NA;NA;NA;NA
32;FIELD;semidishonest;temi;3;NA;NA;NA;NA;NA;NA;NA;NA;NA;NA;NA;NA;NA;25;30;0.149791;1.32;29;92;~3600;0.0288;0.0576;NA;NA;NA;NA;NA;NA;NA;NA;NA;NA;NA;NA;NA;NA;NA;NA;NA;NA;NA;NA;NA;NA;NA;NA;NA;NA;NA;NA;NA;NA;NA;NA;NA
32;FIELD;semidishonest;temi;3;NA;NA;NA;NA;NA;NA;NA;NA;NA;NA;NA;NA;NA;30;30;0.0720657;1.04;27;95;~3600;0.0288;0.0576;NA;NA;NA;NA;NA;NA;NA;NA;NA;NA;NA;NA;NA;NA;NA;NA;NA;NA;NA;NA;NA;NA;NA;NA;NA;NA;NA;NA;NA;NA;NA;NA;NA
32;FIELD;semidishonest;temi;3;NA;NA;NA;NA;NA;NA;NA;NA;NA;NA;NA;NA;NA;35;30;0.0728195;0.94;29;94;~3600;0.0288;0.0576;NA;NA;NA;NA;NA;NA;NA;NA;NA;NA;NA;NA;NA;NA;NA;NA;NA;NA;NA;NA;NA;NA;NA;NA;NA;NA;NA;NA;NA;NA;NA;NA;NA
32;FIELD;semidishonest;temi;3;NA;NA;NA;NA;NA;NA;NA;NA;NA;NA;NA;NA;NA;40;30;0.155241;0.92;29;88;~3600;0.0288;0.0576;NA;NA;NA;NA;NA;NA;NA;NA;NA;NA;NA;NA;NA;NA;NA;NA;NA;NA;NA;NA;NA;NA;NA;NA;NA;NA;NA;NA;NA;NA;NA;NA;NA
32;FIELD;semidishonest;temi;3;NA;NA;NA;NA;NA;NA;NA;NA;NA;NA;NA;NA;NA;45;30;0.0937767;0.80;29;88;~3600;0.0288;0.0576;NA;NA;NA;NA;NA;NA;NA;NA;NA;NA;NA;NA;NA;NA;NA;NA;NA;NA;NA;NA;NA;NA;NA;NA;NA;NA;NA;NA;NA;NA;NA;NA;NA
32;FIELD;semidishonest;temi;3;NA;NA;NA;NA;NA;NA;NA;NA;NA;NA;NA;NA;NA;50;30;0.146748;0.82;29;83;~3600;0.0288;0.0576;NA;NA;NA;NA;NA;NA;NA;NA;NA;NA;NA;NA;NA;NA;NA;NA;NA;NA;NA;NA;NA;NA;NA;NA;NA;NA;NA;NA;NA;NA;NA;NA;NA
32;FIELD;semidishonest;temi;3;NA;NA;NA;NA;NA;NA;NA;NA;NA;NA;NA;NA;NA;55;30;0.125408;0.73;26;87;~3600;0.0288;0.0576;NA;NA;NA;NA;NA;NA;NA;NA;NA;NA;NA;NA;NA;NA;NA;NA;NA;NA;NA;NA;NA;NA;NA;NA;NA;NA;NA;NA;NA;NA;NA;NA;NA
32;FIELD;semidishonest;temi;3;NA;NA;NA;NA;NA;NA;NA;NA;NA;NA;NA;NA;NA;60;30;0.104817;0.67;27;87;~3600;0.0288;0.0576;NA;NA;NA;NA;NA;NA;NA;NA;NA;NA;NA;NA;NA;NA;NA;NA;NA;NA;NA;NA;NA;NA;NA;NA;NA;NA;NA;NA;NA;NA;NA;NA;NA
32;FIELD;semidishonest;temi;3;NA;NA;NA;NA;NA;NA;NA;NA;NA;NA;NA;NA;NA;65;30;0.0811422;0.60;26;88;~3600;0.0288;0.0576;NA;NA;NA;NA;NA;NA;NA;NA;NA;NA;NA;NA;NA;NA;NA;NA;NA;NA;NA;NA;NA;NA;NA;NA;NA;NA;NA;NA;NA;NA;NA;NA;NA
32;FIELD;semidishonest;temi;3;NA;NA;NA;NA;NA;NA;NA;NA;NA;NA;NA;NA;NA;70;30;0.0922576;0.58;31;86;~3600;0.0288;0.0576;NA;NA;NA;NA;NA;NA;NA;NA;NA;NA;NA;NA;NA;NA;NA;NA;NA;NA;NA;NA;NA;NA;NA;NA;NA;NA;NA;NA;NA;NA;NA;NA;NA
32;FIELD;semidishonest;temi;3;NA;NA;NA;NA;NA;NA;NA;NA;NA;NA;NA;NA;NA;75;30;0.116672;0.58;26;84;~3600;0.0288;0.0576;NA;NA;NA;NA;NA;NA;NA;NA;NA;NA;NA;NA;NA;NA;NA;NA;NA;NA;NA;NA;NA;NA;NA;NA;NA;NA;NA;NA;NA;NA;NA;NA;NA
32;FIELD;semidishonest;temi;3;NA;NA;NA;NA;NA;NA;NA;NA;NA;NA;NA;NA;NA;80;30;0.101925;0.54;29;84;~3600;0.0288;0.0576;NA;NA;NA;NA;NA;NA;NA;NA;NA;NA;NA;NA;NA;NA;NA;NA;NA;NA;NA;NA;NA;NA;NA;NA;NA;NA;NA;NA;NA;NA;NA;NA;NA
32;FIELD;semidishonest;temi;3;NA;NA;NA;NA;NA;NA;NA;NA;NA;NA;NA;NA;NA;85;30;0.168372;0.59;29;79;~3600;0.0288;0.0576;NA;NA;NA;NA;NA;NA;NA;NA;NA;NA;NA;NA;NA;NA;NA;NA;NA;NA;NA;NA;NA;NA;NA;NA;NA;NA;NA;NA;NA;NA;NA;NA;NA
32;FIELD;semidishonest;temi;3;NA;NA;NA;NA;NA;NA;NA;NA;NA;NA;NA;NA;NA;90;30;0.0976219;0.50;30;86;~3600;0.0288;0.0576;NA;NA;NA;NA;NA;NA;NA;NA;NA;NA;NA;NA;NA;NA;NA;NA;NA;NA;NA;NA;NA;NA;NA;NA;NA;NA;NA;NA;NA;NA;NA;NA;NA
32;FIELD;semidishonest;temi;3;NA;NA;NA;NA;NA;NA;NA;NA;NA;NA;NA;NA;NA;95;30;0.0999341;0.48;29;84;~3600;0.0288;0.0576;NA;NA;NA;NA;NA;NA;NA;NA;NA;NA;NA;NA;NA;NA;NA;NA;NA;NA;NA;NA;NA;NA;NA;NA;NA;NA;NA;NA;NA;NA;NA;NA;NA
32;FIELD;semidishonest;temi;3;NA;NA;NA;NA;NA;NA;NA;NA;NA;NA;NA;NA;NA;100;30;0.194298;0.57;29;74;~3600;0.0288;0.0576;NA;NA;NA;NA;NA;NA;NA;NA;NA;NA;NA;NA;NA;NA;NA;NA;NA;NA;NA;NA;NA;NA;NA;NA;NA;NA;NA;NA;NA;NA;NA;NA;NA
32;FIELD;semidishonest;soho;3;0.55;29;1;900;900;900;NA;NA;NA;NA;NA;NA;901;10;30;0.13057;16.48;120;99;~3600;0.0288;0.0576;NA;NA;NA;NA;NA;NA;NA;NA;NA;NA;NA;NA;NA;NA;NA;NA;NA;NA;NA;NA;NA;NA;NA;NA;NA;NA;NA;NA;NA;NA;NA;NA;NA
32;FIELD;semidishonest;soho;3;NA;NA;NA;NA;NA;NA;NA;NA;NA;NA;NA;NA;NA;15;30;0.0805097;9.60;102;99;~3600;0.0288;0.0576;NA;NA;NA;NA;NA;NA;NA;NA;NA;NA;NA;NA;NA;NA;NA;NA;NA;NA;NA;NA;NA;NA;NA;NA;NA;NA;NA;NA;NA;NA;NA;NA;NA
32;FIELD;semidishonest;soho;3;NA;NA;NA;NA;NA;NA;NA;NA;NA;NA;NA;NA;NA;20;30;0.072763;7.24;101;99;~3600;0.0288;0.0576;NA;NA;NA;NA;NA;NA;NA;NA;NA;NA;NA;NA;NA;NA;NA;NA;NA;NA;NA;NA;NA;NA;NA;NA;NA;NA;NA;NA;NA;NA;NA;NA;NA
32;FIELD;semidishonest;soho;3;NA;NA;NA;NA;NA;NA;NA;NA;NA;NA;NA;NA;NA;25;30;0.0835012;5.88;102;98;~3600;0.0288;0.0576;NA;NA;NA;NA;NA;NA;NA;NA;NA;NA;NA;NA;NA;NA;NA;NA;NA;NA;NA;NA;NA;NA;NA;NA;NA;NA;NA;NA;NA;NA;NA;NA;NA
32;FIELD;semidishonest;soho;3;NA;NA;NA;NA;NA;NA;NA;NA;NA;NA;NA;NA;NA;30;30;0.0756793;4.91;101;98;~3600;0.0288;0.0576;NA;NA;NA;NA;NA;NA;NA;NA;NA;NA;NA;NA;NA;NA;NA;NA;NA;NA;NA;NA;NA;NA;NA;NA;NA;NA;NA;NA;NA;NA;NA;NA;NA
32;FIELD;semidishonest;soho;3;NA;NA;NA;NA;NA;NA;NA;NA;NA;NA;NA;NA;NA;35;30;0.0797951;4.25;103;98;~3600;0.0288;0.0576;NA;NA;NA;NA;NA;NA;NA;NA;NA;NA;NA;NA;NA;NA;NA;NA;NA;NA;NA;NA;NA;NA;NA;NA;NA;NA;NA;NA;NA;NA;NA;NA;NA
32;FIELD;semidishonest;soho;3;NA;NA;NA;NA;NA;NA;NA;NA;NA;NA;NA;NA;NA;40;30;0.0644272;3.74;101;98;~3600;0.0288;0.0576;NA;NA;NA;NA;NA;NA;NA;NA;NA;NA;NA;NA;NA;NA;NA;NA;NA;NA;NA;NA;NA;NA;NA;NA;NA;NA;NA;NA;NA;NA;NA;NA;NA
32;FIELD;semidishonest;soho;3;NA;NA;NA;NA;NA;NA;NA;NA;NA;NA;NA;NA;NA;45;30;0.10032;3.37;101;97;~3600;0.0288;0.0576;NA;NA;NA;NA;NA;NA;NA;NA;NA;NA;NA;NA;NA;NA;NA;NA;NA;NA;NA;NA;NA;NA;NA;NA;NA;NA;NA;NA;NA;NA;NA;NA;NA
32;FIELD;semidishonest;soho;3;NA;NA;NA;NA;NA;NA;NA;NA;NA;NA;NA;NA;NA;50;30;0.0763588;3.06;102;97;~3600;0.0288;0.0576;NA;NA;NA;NA;NA;NA;NA;NA;NA;NA;NA;NA;NA;NA;NA;NA;NA;NA;NA;NA;NA;NA;NA;NA;NA;NA;NA;NA;NA;NA;NA;NA;NA
32;FIELD;semidishonest;soho;3;NA;NA;NA;NA;NA;NA;NA;NA;NA;NA;NA;NA;NA;55;30;0.0820053;2.78;101;97;~3600;0.0288;0.0576;NA;NA;NA;NA;NA;NA;NA;NA;NA;NA;NA;NA;NA;NA;NA;NA;NA;NA;NA;NA;NA;NA;NA;NA;NA;NA;NA;NA;NA;NA;NA;NA;NA
32;FIELD;semidishonest;soho;3;NA;NA;NA;NA;NA;NA;NA;NA;NA;NA;NA;NA;NA;60;30;0.0753163;2.55;103;97;~3600;0.0288;0.0576;NA;NA;NA;NA;NA;NA;NA;NA;NA;NA;NA;NA;NA;NA;NA;NA;NA;NA;NA;NA;NA;NA;NA;NA;NA;NA;NA;NA;NA;NA;NA;NA;NA
32;FIELD;semidishonest;soho;3;NA;NA;NA;NA;NA;NA;NA;NA;NA;NA;NA;NA;NA;65;30;0.0793386;2.42;101;96;~3600;0.0288;0.0576;NA;NA;NA;NA;NA;NA;NA;NA;NA;NA;NA;NA;NA;NA;NA;NA;NA;NA;NA;NA;NA;NA;NA;NA;NA;NA;NA;NA;NA;NA;NA;NA;NA
32;FIELD;semidishonest;soho;3;NA;NA;NA;NA;NA;NA;NA;NA;NA;NA;NA;NA;NA;70;30;0.0952704;2.28;103;95;~3600;0.0288;0.0576;NA;NA;NA;NA;NA;NA;NA;NA;NA;NA;NA;NA;NA;NA;NA;NA;NA;NA;NA;NA;NA;NA;NA;NA;NA;NA;NA;NA;NA;NA;NA;NA;NA
32;FIELD;semidishonest;soho;3;NA;NA;NA;NA;NA;NA;NA;NA;NA;NA;NA;NA;NA;75;30;0.0759259;2.10;103;97;~3600;0.0288;0.0576;NA;NA;NA;NA;NA;NA;NA;NA;NA;NA;NA;NA;NA;NA;NA;NA;NA;NA;NA;NA;NA;NA;NA;NA;NA;NA;NA;NA;NA;NA;NA;NA;NA
32;FIELD;semidishonest;soho;3;NA;NA;NA;NA;NA;NA;NA;NA;NA;NA;NA;NA;NA;80;30;0.0669779;1.98;101;96;~3600;0.0288;0.0576;NA;NA;NA;NA;NA;NA;NA;NA;NA;NA;NA;NA;NA;NA;NA;NA;NA;NA;NA;NA;NA;NA;NA;NA;NA;NA;NA;NA;NA;NA;NA;NA;NA
32;FIELD;semidishonest;soho;3;NA;NA;NA;NA;NA;NA;NA;NA;NA;NA;NA;NA;NA;85;30;0.0661724;1.86;101;96;~3600;0.0288;0.0576;NA;NA;NA;NA;NA;NA;NA;NA;NA;NA;NA;NA;NA;NA;NA;NA;NA;NA;NA;NA;NA;NA;NA;NA;NA;NA;NA;NA;NA;NA;NA;NA;NA
32;FIELD;semidishonest;soho;3;NA;NA;NA;NA;NA;NA;NA;NA;NA;NA;NA;NA;NA;90;30;0.0660671;1.79;102;97;~3600;0.0288;0.0576;NA;NA;NA;NA;NA;NA;NA;NA;NA;NA;NA;NA;NA;NA;NA;NA;NA;NA;NA;NA;NA;NA;NA;NA;NA;NA;NA;NA;NA;NA;NA;NA;NA
32;FIELD;semidishonest;soho;3;NA;NA;NA;NA;NA;NA;NA;NA;NA;NA;NA;NA;NA;95;30;0.0700096;1.72;101;96;~3600;0.0288;0.0576;NA;NA;NA;NA;NA;NA;NA;NA;NA;NA;NA;NA;NA;NA;NA;NA;NA;NA;NA;NA;NA;NA;NA;NA;NA;NA;NA;NA;NA;NA;NA;NA;NA
32;FIELD;semidishonest;soho;3;NA;NA;NA;NA;NA;NA;NA;NA;NA;NA;NA;NA;NA;100;30;0.0730619;1.64;100;96;~3600;0.0288;0.0576;NA;NA;NA;NA;NA;NA;NA;NA;NA;NA;NA;NA;NA;NA;NA;NA;NA;NA;NA;NA;NA;NA;NA;NA;NA;NA;NA;NA;NA;NA;NA;NA;NA
32;BINARY;malhonest;malicious-rep-bin;3;8.51;464;4;NA;NA;NA;57600;57600;57600;NA;NA;529200;119701;10;30;15.4121;15.52;37;40;NA;9.36182;NA;4.8e-05;3;15.3947;4.8e-05;3;15.4118;0.000116;5;0.00650048;NA;NA;NA;9.36154;54904;15.1255;NA;NA;NA;NA;NA;NA;NA;NA;NA;NA;NA;NA;NA;NA;NA;NA;NA;NA
32;BINARY;malhonest;malicious-rep-bin;3;NA;NA;NA;NA;NA;NA;NA;NA;NA;NA;NA;NA;NA;15;30;15.2423;15.35;37;96;NA;9.36182;NA;4.8e-05;3;15.2261;4.8e-05;3;15.2415;0.000116;5;0.00712377;NA;NA;NA;9.36154;54904;14.7166;NA;NA;NA;NA;NA;NA;NA;NA;NA;NA;NA;NA;NA;NA;NA;NA;NA;NA
32;BINARY;malhonest;malicious-rep-bin;3;NA;NA;NA;NA;NA;NA;NA;NA;NA;NA;NA;NA;NA;20;30;16.5522;16.66;37;109;NA;9.36182;NA;4.8e-05;3;16.5372;4.8e-05;3;16.5521;0.000116;5;0.00742687;NA;NA;NA;9.36154;54904;15.8575;NA;NA;NA;NA;NA;NA;NA;NA;NA;NA;NA;NA;NA;NA;NA;NA;NA;NA
32;BINARY;malhonest;malicious-rep-bin;3;NA;NA;NA;NA;NA;NA;NA;NA;NA;NA;NA;NA;NA;25;30;18.352;18.47;35;104;NA;9.36182;NA;4.8e-05;3;18.3358;4.8e-05;3;18.3522;0.000116;5;0.00326335;NA;NA;NA;9.36154;54904;17.7053;NA;NA;NA;NA;NA;NA;NA;NA;NA;NA;NA;NA;NA;NA;NA;NA;NA;NA
32;BINARY;malhonest;malicious-rep-bin;3;NA;NA;NA;NA;NA;NA;NA;NA;NA;NA;NA;NA;NA;30;30;15.1646;15.27;37;110;NA;9.36182;NA;4.8e-05;3;15.1512;4.8e-05;3;15.1646;0.000116;5;0.00231497;NA;NA;NA;9.36154;54904;14.4933;NA;NA;NA;NA;NA;NA;NA;NA;NA;NA;NA;NA;NA;NA;NA;NA;NA;NA
32;BINARY;malhonest;malicious-rep-bin;3;NA;NA;NA;NA;NA;NA;NA;NA;NA;NA;NA;NA;NA;35;30;9.59376;9.71;35;55;NA;9.36182;NA;4.8e-05;3;9.58062;4.8e-05;3;9.59428;0.000116;5;0.00215808;NA;NA;NA;9.36154;54904;9.31694;NA;NA;NA;NA;NA;NA;NA;NA;NA;NA;NA;NA;NA;NA;NA;NA;NA;NA
32;BINARY;malhonest;malicious-rep-bin;3;NA;NA;NA;NA;NA;NA;NA;NA;NA;NA;NA;NA;NA;40;30;11.4393;11.55;37;103;NA;9.36182;NA;4.8e-05;3;11.4258;4.8e-05;3;11.4405;0.000116;5;0.00380793;NA;NA;NA;9.36154;54904;10.8946;NA;NA;NA;NA;NA;NA;NA;NA;NA;NA;NA;NA;NA;NA;NA;NA;NA;NA
32;BINARY;malhonest;malicious-rep-bin;3;NA;NA;NA;NA;NA;NA;NA;NA;NA;NA;NA;NA;NA;45;30;11.2988;11.40;36;108;NA;9.36182;NA;4.8e-05;3;11.2864;4.8e-05;3;11.2986;0.000116;5;0.00259399;NA;NA;NA;9.36154;54904;10.7901;NA;NA;NA;NA;NA;NA;NA;NA;NA;NA;NA;NA;NA;NA;NA;NA;NA;NA
32;BINARY;malhonest;malicious-rep-bin;3;NA;NA;NA;NA;NA;NA;NA;NA;NA;NA;NA;NA;NA;50;30;14.5337;14.64;37;112;NA;9.36182;NA;4.8e-05;3;14.5205;4.8e-05;3;14.5329;0.000116;5;0.00229574;NA;NA;NA;9.36154;54904;13.8801;NA;NA;NA;NA;NA;NA;NA;NA;NA;NA;NA;NA;NA;NA;NA;NA;NA;NA
32;BINARY;malhonest;malicious-rep-bin;3;NA;NA;NA;NA;NA;NA;NA;NA;NA;NA;NA;NA;NA;55;30;10.8187;10.94;37;74;NA;9.36182;NA;4.8e-05;3;10.8054;4.8e-05;3;10.8201;0.000116;5;0.00193672;NA;NA;NA;9.36154;54904;10.5411;NA;NA;NA;NA;NA;NA;NA;NA;NA;NA;NA;NA;NA;NA;NA;NA;NA;NA
32;BINARY;malhonest;malicious-rep-bin;3;NA;NA;NA;NA;NA;NA;NA;NA;NA;NA;NA;NA;NA;60;30;8.09616;8.20;36;65;NA;9.36182;NA;4.8e-05;3;8.08402;4.8e-05;3;8.09592;0.000116;5;0.00169484;NA;NA;NA;9.36154;54904;7.82518;NA;NA;NA;NA;NA;NA;NA;NA;NA;NA;NA;NA;NA;NA;NA;NA;NA;NA
32;BINARY;malhonest;malicious-rep-bin;3;NA;NA;NA;NA;NA;NA;NA;NA;NA;NA;NA;NA;NA;65;30;17.8324;17.94;37;108;NA;9.36182;NA;4.8e-05;3;17.8184;4.8e-05;3;17.8317;0.000116;5;0.00308591;NA;NA;NA;9.36154;54904;17.1217;NA;NA;NA;NA;NA;NA;NA;NA;NA;NA;NA;NA;NA;NA;NA;NA;NA;NA
32;BINARY;malhonest;malicious-rep-bin;3;NA;NA;NA;NA;NA;NA;NA;NA;NA;NA;NA;NA;NA;70;30;12.3471;12.46;35;117;NA;9.36182;NA;4.8e-05;3;12.3333;4.8e-05;3;12.3471;0.000116;5;0.00190112;NA;NA;NA;9.36154;54904;11.7173;NA;NA;NA;NA;NA;NA;NA;NA;NA;NA;NA;NA;NA;NA;NA;NA;NA;NA
32;BINARY;malhonest;malicious-rep-bin;3;NA;NA;NA;NA;NA;NA;NA;NA;NA;NA;NA;NA;NA;75;30;16.4048;16.51;37;82;NA;9.36182;NA;4.8e-05;3;16.3922;4.8e-05;3;16.4036;0.000116;5;0.00317092;NA;NA;NA;9.36154;54904;15.8813;NA;NA;NA;NA;NA;NA;NA;NA;NA;NA;NA;NA;NA;NA;NA;NA;NA;NA
32;BINARY;malhonest;malicious-rep-bin;3;NA;NA;NA;NA;NA;NA;NA;NA;NA;NA;NA;NA;NA;80;30;8.43404;8.54;35;88;NA;9.36182;NA;4.8e-05;3;8.42157;4.8e-05;3;8.434;0.000116;5;0.00260932;NA;NA;NA;9.36154;54904;8.06492;NA;NA;NA;NA;NA;NA;NA;NA;NA;NA;NA;NA;NA;NA;NA;NA;NA;NA
32;BINARY;malhonest;malicious-rep-bin;3;NA;NA;NA;NA;NA;NA;NA;NA;NA;NA;NA;NA;NA;85;30;14.8259;14.93;38;82;NA;9.36182;NA;4.8e-05;3;14.8128;4.8e-05;3;14.8252;0.000116;5;0.0019184;NA;NA;NA;9.36154;54904;14.5478;NA;NA;NA;NA;NA;NA;NA;NA;NA;NA;NA;NA;NA;NA;NA;NA;NA;NA
32;BINARY;malhonest;malicious-rep-bin;3;NA;NA;NA;NA;NA;NA;NA;NA;NA;NA;NA;NA;NA;90;30;10.3292;10.43;36;90;NA;9.36182;NA;4.8e-05;3;10.3165;4.8e-05;3;10.3285;0.000116;5;0.00231981;NA;NA;NA;9.36154;54904;10.0558;NA;NA;NA;NA;NA;NA;NA;NA;NA;NA;NA;NA;NA;NA;NA;NA;NA;NA
32;BINARY;malhonest;malicious-rep-bin;3;NA;NA;NA;NA;NA;NA;NA;NA;NA;NA;NA;NA;NA;95;30;11.105;11.22;37;101;NA;9.36182;NA;4.8e-05;3;11.0921;4.8e-05;3;11.1037;0.000116;5;0.00770258;NA;NA;NA;9.36154;54904;10.6442;NA;NA;NA;NA;NA;NA;NA;NA;NA;NA;NA;NA;NA;NA;NA;NA;NA;NA
32;BINARY;malhonest;malicious-rep-bin;3;NA;NA;NA;NA;NA;NA;NA;NA;NA;NA;NA;NA;NA;100;30;12.7168;12.82;37;102;NA;9.36182;NA;4.8e-05;3;12.7042;4.8e-05;3;12.7165;0.000116;5;0.003067;NA;NA;NA;9.36154;54904;12.1625;NA;NA;NA;NA;NA;NA;NA;NA;NA;NA;NA;NA;NA;NA;NA;NA;NA;NA
32;BINARY;malhonest;malicious-ccd;3;8.51;464;4;NA;NA;NA;57600;57600;57600;NA;NA;529200;119701;10;30;42.2831;42.40;46;110;NA;65.4223;NA;NA;NA;NA;NA;NA;NA;0.002332;107;0.639281;30.6016;213;10.1788;NA;NA;NA;17.408;55006;30.1004;NA;NA;NA;NA;NA;NA;NA;NA;NA;NA;NA;NA;NA;NA;NA
32;BINARY;malhonest;malicious-ccd;3;NA;NA;NA;NA;NA;NA;NA;NA;NA;NA;NA;NA;NA;15;30;36.0159;36.12;47;119;NA;65.4223;NA;NA;NA;NA;NA;NA;NA;0.002332;107;0.594133;30.6016;213;6.68961;NA;NA;NA;17.408;55006;27.2896;NA;NA;NA;NA;NA;NA;NA;NA;NA;NA;NA;NA;NA;NA;NA
32;BINARY;malhonest;malicious-ccd;3;NA;NA;NA;NA;NA;NA;NA;NA;NA;NA;NA;NA;NA;20;30;29.1409;29.25;46;140;NA;65.4223;NA;NA;NA;NA;NA;NA;NA;0.002332;107;0.505209;30.6016;213;4.90846;NA;NA;NA;17.408;55006;22.1721;NA;NA;NA;NA;NA;NA;NA;NA;NA;NA;NA;NA;NA;NA;NA
32;BINARY;malhonest;malicious-ccd;3;NA;NA;NA;NA;NA;NA;NA;NA;NA;NA;NA;NA;NA;25;30;31.6924;31.80;48;144;NA;65.4223;NA;NA;NA;NA;NA;NA;NA;0.002332;107;0.555089;30.6016;213;3.94167;NA;NA;NA;17.408;55006;25.655;NA;NA;NA;NA;NA;NA;NA;NA;NA;NA;NA;NA;NA;NA;NA
32;BINARY;malhonest;malicious-ccd;3;NA;NA;NA;NA;NA;NA;NA;NA;NA;NA;NA;NA;NA;30;30;30.177;30.30;46;143;NA;65.4223;NA;NA;NA;NA;NA;NA;NA;0.002332;107;0.537023;30.6016;213;3.23045;NA;NA;NA;17.408;55006;24.8515;NA;NA;NA;NA;NA;NA;NA;NA;NA;NA;NA;NA;NA;NA;NA
32;BINARY;malhonest;malicious-ccd;3;NA;NA;NA;NA;NA;NA;NA;NA;NA;NA;NA;NA;NA;35;30;25.7525;25.86;47;157;NA;65.4223;NA;NA;NA;NA;NA;NA;NA;0.002332;107;0.420748;30.6016;213;2.61796;NA;NA;NA;17.408;55006;20.9736;NA;NA;NA;NA;NA;NA;NA;NA;NA;NA;NA;NA;NA;NA;NA
32;BINARY;malhonest;malicious-ccd;3;NA;NA;NA;NA;NA;NA;NA;NA;NA;NA;NA;NA;NA;40;30;25.8402;25.95;47;154;NA;65.4223;NA;NA;NA;NA;NA;NA;NA;0.002332;107;0.479187;30.6016;213;2.33697;NA;NA;NA;17.408;55006;21.5134;NA;NA;NA;NA;NA;NA;NA;NA;NA;NA;NA;NA;NA;NA;NA
32;BINARY;malhonest;malicious-ccd;3;NA;NA;NA;NA;NA;NA;NA;NA;NA;NA;NA;NA;NA;45;30;26.9311;27.04;46;148;NA;65.4223;NA;NA;NA;NA;NA;NA;NA;0.002332;107;0.507624;30.6016;213;2.08647;NA;NA;NA;17.408;55006;22.7596;NA;NA;NA;NA;NA;NA;NA;NA;NA;NA;NA;NA;NA;NA;NA
32;BINARY;malhonest;malicious-ccd;3;NA;NA;NA;NA;NA;NA;NA;NA;NA;NA;NA;NA;NA;50;30;26.5368;26.64;45;150;NA;65.4223;NA;NA;NA;NA;NA;NA;NA;0.002332;107;0.444321;30.6016;213;1.79221;NA;NA;NA;17.408;55006;22.6763;NA;NA;NA;NA;NA;NA;NA;NA;NA;NA;NA;NA;NA;NA;NA
32;BINARY;malhonest;malicious-ccd;3;NA;NA;NA;NA;NA;NA;NA;NA;NA;NA;NA;NA;NA;55;30;24.8429;24.95;46;156;NA;65.4223;NA;NA;NA;NA;NA;NA;NA;0.002332;107;0.496984;30.6016;213;1.65578;NA;NA;NA;17.408;55006;21.0679;NA;NA;NA;NA;NA;NA;NA;NA;NA;NA;NA;NA;NA;NA;NA
32;BINARY;malhonest;malicious-ccd;3;NA;NA;NA;NA;NA;NA;NA;NA;NA;NA;NA;NA;NA;60;30;24.4011;24.52;45;124;NA;65.4223;NA;NA;NA;NA;NA;NA;NA;0.002332;107;0.503653;30.6016;213;1.52166;NA;NA;NA;17.408;55006;21.0518;NA;NA;NA;NA;NA;NA;NA;NA;NA;NA;NA;NA;NA;NA;NA
32;BINARY;malhonest;malicious-ccd;3;NA;NA;NA;NA;NA;NA;NA;NA;NA;NA;NA;NA;NA;65;30;27.0486;27.16;46;168;NA;65.4223;NA;NA;NA;NA;NA;NA;NA;0.002332;107;0.506668;30.6016;213;1.4044;NA;NA;NA;17.408;55006;23.5656;NA;NA;NA;NA;NA;NA;NA;NA;NA;NA;NA;NA;NA;NA;NA
32;BINARY;malhonest;malicious-ccd;3;NA;NA;NA;NA;NA;NA;NA;NA;NA;NA;NA;NA;NA;70;30;26.2033;26.32;46;164;NA;65.4223;NA;NA;NA;NA;NA;NA;NA;0.002332;107;0.497727;30.6016;213;1.32402;NA;NA;NA;17.408;55006;22.7608;NA;NA;NA;NA;NA;NA;NA;NA;NA;NA;NA;NA;NA;NA;NA
32;BINARY;malhonest;malicious-ccd;3;NA;NA;NA;NA;NA;NA;NA;NA;NA;NA;NA;NA;NA;75;30;25.6785;25.80;45;137;NA;65.4223;NA;NA;NA;NA;NA;NA;NA;0.002332;107;0.485953;30.6016;213;1.24039;NA;NA;NA;17.408;55006;22.4368;NA;NA;NA;NA;NA;NA;NA;NA;NA;NA;NA;NA;NA;NA;NA
32;BINARY;malhonest;malicious-ccd;3;NA;NA;NA;NA;NA;NA;NA;NA;NA;NA;NA;NA;NA;80;30;23.7687;23.89;47;170;NA;65.4223;NA;NA;NA;NA;NA;NA;NA;0.002332;107;0.489469;30.6016;213;1.17666;NA;NA;NA;17.408;55006;20.533;NA;NA;NA;NA;NA;NA;NA;NA;NA;NA;NA;NA;NA;NA;NA
32;BINARY;malhonest;malicious-ccd;3;NA;NA;NA;NA;NA;NA;NA;NA;NA;NA;NA;NA;NA;85;30;26.6996;26.81;47;164;NA;65.4223;NA;NA;NA;NA;NA;NA;NA;0.002332;107;0.5061;30.6016;213;1.18575;NA;NA;NA;17.408;55006;23.4216;NA;NA;NA;NA;NA;NA;NA;NA;NA;NA;NA;NA;NA;NA;NA
32;BINARY;malhonest;malicious-ccd;3;NA;NA;NA;NA;NA;NA;NA;NA;NA;NA;NA;NA;NA;90;30;23.3922;23.51;46;141;NA;65.4223;NA;NA;NA;NA;NA;NA;NA;0.002332;107;0.4843;30.6016;213;1.12297;NA;NA;NA;17.408;55006;20.3856;NA;NA;NA;NA;NA;NA;NA;NA;NA;NA;NA;NA;NA;NA;NA
32;BINARY;malhonest;malicious-ccd;3;NA;NA;NA;NA;NA;NA;NA;NA;NA;NA;NA;NA;NA;95;30;25.0178;25.13;45;170;NA;65.4223;NA;NA;NA;NA;NA;NA;NA;0.002332;107;0.488346;30.6016;213;1.10176;NA;NA;NA;17.408;55006;21.8287;NA;NA;NA;NA;NA;NA;NA;NA;NA;NA;NA;NA;NA;NA;NA
32;BINARY;malhonest;malicious-ccd;3;NA;NA;NA;NA;NA;NA;NA;NA;NA;NA;NA;NA;NA;100;30;25.23;25.34;47;150;NA;65.4223;NA;NA;NA;NA;NA;NA;NA;0.002332;107;0.472635;30.6016;213;1.06084;NA;NA;NA;17.408;55006;22.1243;NA;NA;NA;NA;NA;NA;NA;NA;NA;NA;NA;NA;NA;NA;NA
32;BINARY;malhonest;ps-rep-bin;3;8.51;464;4;NA;NA;NA;57600;57600;57600;NA;NA;529200;119701;10;30;80.6702;80.78;394;29;NA;76.1798;NA;9.6e-05;6;52.9219;9.6e-05;6;80.6687;0.004652;167;0.117328;NA;NA;NA;76.1704;54960;77.8349;NA;NA;NA;NA;NA;NA;NA;NA;NA;NA;NA;NA;NA;NA;NA;NA;NA;NA
32;BINARY;malhonest;ps-rep-bin;3;NA;NA;NA;NA;NA;NA;NA;NA;NA;NA;NA;NA;NA;15;30;61.7192;61.83;390;38;NA;76.1798;NA;9.6e-05;6;42.9498;9.6e-05;6;61.7181;0.004652;167;0.0915538;NA;NA;NA;76.1704;54960;58.7941;NA;NA;NA;NA;NA;NA;NA;NA;NA;NA;NA;NA;NA;NA;NA;NA;NA;NA
32;BINARY;malhonest;ps-rep-bin;3;NA;NA;NA;NA;NA;NA;NA;NA;NA;NA;NA;NA;NA;20;30;51.8863;52.00;391;45;NA;76.1798;NA;9.6e-05;6;37.7328;9.6e-05;6;51.9101;0.004652;167;0.203805;NA;NA;NA;76.1704;54960;49.0101;NA;NA;NA;NA;NA;NA;NA;NA;NA;NA;NA;NA;NA;NA;NA;NA;NA;NA
32;BINARY;malhonest;ps-rep-bin;3;NA;NA;NA;NA;NA;NA;NA;NA;NA;NA;NA;NA;NA;25;30;45.4341;45.54;392;50;NA;76.1798;NA;9.6e-05;6;33.8519;9.6e-05;6;45.4329;0.004652;167;0.138514;NA;NA;NA;76.1704;54960;42.4391;NA;NA;NA;NA;NA;NA;NA;NA;NA;NA;NA;NA;NA;NA;NA;NA;NA;NA
32;BINARY;malhonest;ps-rep-bin;3;NA;NA;NA;NA;NA;NA;NA;NA;NA;NA;NA;NA;NA;30;30;41.0462;41.16;393;54;NA;76.1798;NA;9.6e-05;6;31.1402;9.6e-05;6;41.0451;0.004652;167;0.113427;NA;NA;NA;76.1704;54960;38.2243;NA;NA;NA;NA;NA;NA;NA;NA;NA;NA;NA;NA;NA;NA;NA;NA;NA;NA
32;BINARY;malhonest;ps-rep-bin;3;NA;NA;NA;NA;NA;NA;NA;NA;NA;NA;NA;NA;NA;35;30;37.2522;37.36;392;56;NA;76.1798;NA;9.6e-05;6;28.7533;9.6e-05;6;37.252;0.004652;167;0.223044;NA;NA;NA;76.1704;54960;34.2118;NA;NA;NA;NA;NA;NA;NA;NA;NA;NA;NA;NA;NA;NA;NA;NA;NA;NA
32;BINARY;malhonest;ps-rep-bin;3;NA;NA;NA;NA;NA;NA;NA;NA;NA;NA;NA;NA;NA;40;30;33.5469;33.65;391;57;NA;76.1798;NA;9.6e-05;6;26.0117;9.6e-05;6;33.5457;0.004652;167;0.223926;NA;NA;NA;76.1704;54960;30.5972;NA;NA;NA;NA;NA;NA;NA;NA;NA;NA;NA;NA;NA;NA;NA;NA;NA;NA
32;BINARY;malhonest;ps-rep-bin;3;NA;NA;NA;NA;NA;NA;NA;NA;NA;NA;NA;NA;NA;45;30;33.0923;33.20;392;62;NA;76.1798;NA;9.6e-05;6;26.1908;9.6e-05;6;33.0908;0.004652;167;0.0656666;NA;NA;NA;76.1704;54960;30.2709;NA;NA;NA;NA;NA;NA;NA;NA;NA;NA;NA;NA;NA;NA;NA;NA;NA;NA
32;BINARY;malhonest;ps-rep-bin;3;NA;NA;NA;NA;NA;NA;NA;NA;NA;NA;NA;NA;NA;50;30;34.1158;34.23;392;70;NA;76.1798;NA;9.6e-05;6;27.8442;9.6e-05;6;34.1155;0.004652;167;0.0973671;NA;NA;NA;76.1704;54960;31.2339;NA;NA;NA;NA;NA;NA;NA;NA;NA;NA;NA;NA;NA;NA;NA;NA;NA;NA
32;BINARY;malhonest;ps-rep-bin;3;NA;NA;NA;NA;NA;NA;NA;NA;NA;NA;NA;NA;NA;55;30;33.1423;33.25;392;71;NA;76.1798;NA;9.6e-05;6;27.2953;9.6e-05;6;33.1423;0.004652;167;0.156853;NA;NA;NA;76.1704;54960;30.069;NA;NA;NA;NA;NA;NA;NA;NA;NA;NA;NA;NA;NA;NA;NA;NA;NA;NA
32;BINARY;malhonest;ps-rep-bin;3;NA;NA;NA;NA;NA;NA;NA;NA;NA;NA;NA;NA;NA;60;30;32.6905;32.80;391;71;NA;76.1798;NA;9.6e-05;6;27.2438;9.6e-05;6;32.6896;0.004652;167;0.135823;NA;NA;NA;76.1704;54960;29.6611;NA;NA;NA;NA;NA;NA;NA;NA;NA;NA;NA;NA;NA;NA;NA;NA;NA;NA
32;BINARY;malhonest;ps-rep-bin;3;NA;NA;NA;NA;NA;NA;NA;NA;NA;NA;NA;NA;NA;65;30;30.8685;30.97;391;74;NA;76.1798;NA;9.6e-05;6;25.7719;9.6e-05;6;30.8709;0.004652;167;0.097056;NA;NA;NA;76.1704;54960;27.9032;NA;NA;NA;NA;NA;NA;NA;NA;NA;NA;NA;NA;NA;NA;NA;NA;NA;NA
32;BINARY;malhonest;ps-rep-bin;3;NA;NA;NA;NA;NA;NA;NA;NA;NA;NA;NA;NA;NA;70;30;31.5005;31.61;390;77;NA;76.1798;NA;9.6e-05;6;26.7959;9.6e-05;6;31.5007;0.004652;167;0.0978922;NA;NA;NA;76.1704;54960;28.5437;NA;NA;NA;NA;NA;NA;NA;NA;NA;NA;NA;NA;NA;NA;NA;NA;NA;NA
32;BINARY;malhonest;ps-rep-bin;3;NA;NA;NA;NA;NA;NA;NA;NA;NA;NA;NA;NA;NA;75;30;30.7001;30.81;391;79;NA;76.1798;NA;9.6e-05;6;26.1564;9.6e-05;6;30.6984;0.004652;167;0.0896511;NA;NA;NA;76.1704;54960;27.7382;NA;NA;NA;NA;NA;NA;NA;NA;NA;NA;NA;NA;NA;NA;NA;NA;NA;NA
32;BINARY;malhonest;ps-rep-bin;3;NA;NA;NA;NA;NA;NA;NA;NA;NA;NA;NA;NA;NA;80;30;30.1309;30.24;392;81;NA;76.1798;NA;9.6e-05;6;25.811;9.6e-05;6;30.1289;0.004652;167;0.171336;NA;NA;NA;76.1704;54960;26.9739;NA;NA;NA;NA;NA;NA;NA;NA;NA;NA;NA;NA;NA;NA;NA;NA;NA;NA
32;BINARY;malhonest;ps-rep-bin;3;NA;NA;NA;NA;NA;NA;NA;NA;NA;NA;NA;NA;NA;85;30;27.5559;27.67;390;83;NA;76.1798;NA;9.6e-05;6;23.4385;9.6e-05;6;27.5555;0.004652;167;0.0765569;NA;NA;NA;76.1704;54960;24.6047;NA;NA;NA;NA;NA;NA;NA;NA;NA;NA;NA;NA;NA;NA;NA;NA;NA;NA
32;BINARY;malhonest;ps-rep-bin;3;NA;NA;NA;NA;NA;NA;NA;NA;NA;NA;NA;NA;NA;90;30;29.3669;29.47;390;79;NA;76.1798;NA;9.6e-05;6;25.4505;9.6e-05;6;29.367;0.004652;167;0.0933471;NA;NA;NA;76.1704;54960;26.3947;NA;NA;NA;NA;NA;NA;NA;NA;NA;NA;NA;NA;NA;NA;NA;NA;NA;NA
32;BINARY;malhonest;ps-rep-bin;3;NA;NA;NA;NA;NA;NA;NA;NA;NA;NA;NA;NA;NA;95;30;28.5426;28.65;392;81;NA;76.1798;NA;9.6e-05;6;24.756;9.6e-05;6;28.544;0.004652;167;0.0897709;NA;NA;NA;76.1704;54960;25.5943;NA;NA;NA;NA;NA;NA;NA;NA;NA;NA;NA;NA;NA;NA;NA;NA;NA;NA
32;BINARY;malhonest;ps-rep-bin;3;NA;NA;NA;NA;NA;NA;NA;NA;NA;NA;NA;NA;NA;100;30;27.7185;27.82;392;80;NA;76.1798;NA;9.6e-05;6;24.0853;9.6e-05;6;27.7177;0.004652;167;0.105805;NA;NA;NA;76.1704;54960;24.7429;NA;NA;NA;NA;NA;NA;NA;NA;NA;NA;NA;NA;NA;NA;NA;NA;NA;NA
32;BINARY;malhonest;mal-shamir-bmr;3;8.51;464;4;NA;NA;NA;57600;57600;57600;NA;NA;529200;119701;10;30;925.421;925.56;1790;11;NA;2202.77;NA;NA;NA;NA;NA;NA;NA;NA;NA;NA;NA;NA;NA;NA;NA;NA;NA;NA;NA;NA;NA;NA;NA;NA;NA;NA;NA;NA;NA;NA;NA;NA;NA;NA
32;BINARY;malhonest;mal-shamir-bmr;3;NA;NA;NA;NA;NA;NA;NA;NA;NA;NA;NA;NA;NA;15;30;629.967;630.09;1784;16;NA;2202.77;NA;NA;NA;NA;NA;NA;NA;NA;NA;NA;NA;NA;NA;NA;NA;NA;NA;NA;NA;NA;NA;NA;NA;NA;NA;NA;NA;NA;NA;NA;NA;NA;NA;NA
32;BINARY;malhonest;mal-shamir-bmr;3;NA;NA;NA;NA;NA;NA;NA;NA;NA;NA;NA;NA;NA;20;30;482.49;482.61;1786;21;NA;2202.77;NA;NA;NA;NA;NA;NA;NA;NA;NA;NA;NA;NA;NA;NA;NA;NA;NA;NA;NA;NA;NA;NA;NA;NA;NA;NA;NA;NA;NA;NA;NA;NA;NA;NA
32;BINARY;malhonest;mal-shamir-bmr;3;NA;NA;NA;NA;NA;NA;NA;NA;NA;NA;NA;NA;NA;25;30;392.729;392.85;1788;25;NA;2202.77;NA;NA;NA;NA;NA;NA;NA;NA;NA;NA;NA;NA;NA;NA;NA;NA;NA;NA;NA;NA;NA;NA;NA;NA;NA;NA;NA;NA;NA;NA;NA;NA;NA;NA
32;BINARY;malhonest;mal-shamir-bmr;3;NA;NA;NA;NA;NA;NA;NA;NA;NA;NA;NA;NA;NA;30;30;333.939;334.05;1785;29;NA;2202.77;NA;NA;NA;NA;NA;NA;NA;NA;NA;NA;NA;NA;NA;NA;NA;NA;NA;NA;NA;NA;NA;NA;NA;NA;NA;NA;NA;NA;NA;NA;NA;NA;NA;NA
32;BINARY;malhonest;mal-shamir-bmr;3;NA;NA;NA;NA;NA;NA;NA;NA;NA;NA;NA;NA;NA;35;30;290.808;290.93;1781;34;NA;2202.77;NA;NA;NA;NA;NA;NA;NA;NA;NA;NA;NA;NA;NA;NA;NA;NA;NA;NA;NA;NA;NA;NA;NA;NA;NA;NA;NA;NA;NA;NA;NA;NA;NA;NA
32;BINARY;malhonest;mal-shamir-bmr;3;NA;NA;NA;NA;NA;NA;NA;NA;NA;NA;NA;NA;NA;40;30;259.775;259.89;1783;38;NA;2202.77;NA;NA;NA;NA;NA;NA;NA;NA;NA;NA;NA;NA;NA;NA;NA;NA;NA;NA;NA;NA;NA;NA;NA;NA;NA;NA;NA;NA;NA;NA;NA;NA;NA;NA
32;BINARY;malhonest;mal-shamir-bmr;3;NA;NA;NA;NA;NA;NA;NA;NA;NA;NA;NA;NA;NA;45;30;235.381;235.50;1788;42;NA;2202.77;NA;NA;NA;NA;NA;NA;NA;NA;NA;NA;NA;NA;NA;NA;NA;NA;NA;NA;NA;NA;NA;NA;NA;NA;NA;NA;NA;NA;NA;NA;NA;NA;NA;NA
32;BINARY;malhonest;mal-shamir-bmr;3;NA;NA;NA;NA;NA;NA;NA;NA;NA;NA;NA;NA;NA;50;30;214.96;215.07;1785;45;NA;2202.77;NA;NA;NA;NA;NA;NA;NA;NA;NA;NA;NA;NA;NA;NA;NA;NA;NA;NA;NA;NA;NA;NA;NA;NA;NA;NA;NA;NA;NA;NA;NA;NA;NA;NA
32;BINARY;malhonest;mal-shamir-bmr;3;NA;NA;NA;NA;NA;NA;NA;NA;NA;NA;NA;NA;NA;55;30;200.94;201.05;1785;50;NA;2202.77;NA;NA;NA;NA;NA;NA;NA;NA;NA;NA;NA;NA;NA;NA;NA;NA;NA;NA;NA;NA;NA;NA;NA;NA;NA;NA;NA;NA;NA;NA;NA;NA;NA;NA
32;BINARY;malhonest;mal-shamir-bmr;3;NA;NA;NA;NA;NA;NA;NA;NA;NA;NA;NA;NA;NA;60;30;188.43;188.55;1786;52;NA;2202.77;NA;NA;NA;NA;NA;NA;NA;NA;NA;NA;NA;NA;NA;NA;NA;NA;NA;NA;NA;NA;NA;NA;NA;NA;NA;NA;NA;NA;NA;NA;NA;NA;NA;NA
32;BINARY;malhonest;mal-shamir-bmr;3;NA;NA;NA;NA;NA;NA;NA;NA;NA;NA;NA;NA;NA;65;30;178.259;178.37;1790;55;NA;2202.77;NA;NA;NA;NA;NA;NA;NA;NA;NA;NA;NA;NA;NA;NA;NA;NA;NA;NA;NA;NA;NA;NA;NA;NA;NA;NA;NA;NA;NA;NA;NA;NA;NA;NA
32;BINARY;malhonest;mal-shamir-bmr;3;NA;NA;NA;NA;NA;NA;NA;NA;NA;NA;NA;NA;NA;70;30;168.226;168.34;1783;57;NA;2202.77;NA;NA;NA;NA;NA;NA;NA;NA;NA;NA;NA;NA;NA;NA;NA;NA;NA;NA;NA;NA;NA;NA;NA;NA;NA;NA;NA;NA;NA;NA;NA;NA;NA;NA
32;BINARY;malhonest;mal-shamir-bmr;3;NA;NA;NA;NA;NA;NA;NA;NA;NA;NA;NA;NA;NA;75;30;162.872;162.99;1784;63;NA;2202.77;NA;NA;NA;NA;NA;NA;NA;NA;NA;NA;NA;NA;NA;NA;NA;NA;NA;NA;NA;NA;NA;NA;NA;NA;NA;NA;NA;NA;NA;NA;NA;NA;NA;NA
32;BINARY;malhonest;mal-shamir-bmr;3;NA;NA;NA;NA;NA;NA;NA;NA;NA;NA;NA;NA;NA;80;30;155.213;155.33;1784;62;NA;2202.77;NA;NA;NA;NA;NA;NA;NA;NA;NA;NA;NA;NA;NA;NA;NA;NA;NA;NA;NA;NA;NA;NA;NA;NA;NA;NA;NA;NA;NA;NA;NA;NA;NA;NA
32;BINARY;malhonest;mal-shamir-bmr;3;NA;NA;NA;NA;NA;NA;NA;NA;NA;NA;NA;NA;NA;85;30;149.646;149.77;1787;67;NA;2202.77;NA;NA;NA;NA;NA;NA;NA;NA;NA;NA;NA;NA;NA;NA;NA;NA;NA;NA;NA;NA;NA;NA;NA;NA;NA;NA;NA;NA;NA;NA;NA;NA;NA;NA
32;BINARY;malhonest;mal-shamir-bmr;3;NA;NA;NA;NA;NA;NA;NA;NA;NA;NA;NA;NA;NA;90;30;145.601;145.72;1782;70;NA;2202.77;NA;NA;NA;NA;NA;NA;NA;NA;NA;NA;NA;NA;NA;NA;NA;NA;NA;NA;NA;NA;NA;NA;NA;NA;NA;NA;NA;NA;NA;NA;NA;NA;NA;NA
32;BINARY;malhonest;mal-shamir-bmr;3;NA;NA;NA;NA;NA;NA;NA;NA;NA;NA;NA;NA;NA;95;30;138.881;138.99;1780;68;NA;2202.77;NA;NA;NA;NA;NA;NA;NA;NA;NA;NA;NA;NA;NA;NA;NA;NA;NA;NA;NA;NA;NA;NA;NA;NA;NA;NA;NA;NA;NA;NA;NA;NA;NA;NA
32;BINARY;malhonest;mal-shamir-bmr;3;NA;NA;NA;NA;NA;NA;NA;NA;NA;NA;NA;NA;NA;100;30;136.956;137.08;1778;74;NA;2202.77;NA;NA;NA;NA;NA;NA;NA;NA;NA;NA;NA;NA;NA;NA;NA;NA;NA;NA;NA;NA;NA;NA;NA;NA;NA;NA;NA;NA;NA;NA;NA;NA;NA;NA
32;BINARY;semihonest;shamir-bmr;3;8.51;464;4;NA;NA;NA;57600;57600;57600;NA;NA;529200;119701;10;30;489.554;489.67;1543;10;NA;675.098;NA;NA;NA;NA;NA;NA;NA;NA;NA;NA;NA;NA;NA;NA;NA;NA;NA;NA;NA;NA;NA;NA;NA;NA;NA;NA;NA;NA;NA;NA;NA;NA;NA;NA
32;BINARY;semihonest;shamir-bmr;3;NA;NA;NA;NA;NA;NA;NA;NA;NA;NA;NA;NA;NA;15;30;343.751;343.87;1542;15;NA;675.098;NA;NA;NA;NA;NA;NA;NA;NA;NA;NA;NA;NA;NA;NA;NA;NA;NA;NA;NA;NA;NA;NA;NA;NA;NA;NA;NA;NA;NA;NA;NA;NA;NA;NA
32;BINARY;semihonest;shamir-bmr;3;NA;NA;NA;NA;NA;NA;NA;NA;NA;NA;NA;NA;NA;20;30;268.358;268.47;1541;19;NA;675.098;NA;NA;NA;NA;NA;NA;NA;NA;NA;NA;NA;NA;NA;NA;NA;NA;NA;NA;NA;NA;NA;NA;NA;NA;NA;NA;NA;NA;NA;NA;NA;NA;NA;NA
32;BINARY;semihonest;shamir-bmr;3;NA;NA;NA;NA;NA;NA;NA;NA;NA;NA;NA;NA;NA;25;30;225.378;225.49;1541;23;NA;675.098;NA;NA;NA;NA;NA;NA;NA;NA;NA;NA;NA;NA;NA;NA;NA;NA;NA;NA;NA;NA;NA;NA;NA;NA;NA;NA;NA;NA;NA;NA;NA;NA;NA;NA
32;BINARY;semihonest;shamir-bmr;3;NA;NA;NA;NA;NA;NA;NA;NA;NA;NA;NA;NA;NA;30;30;195.843;195.96;1542;27;NA;675.098;NA;NA;NA;NA;NA;NA;NA;NA;NA;NA;NA;NA;NA;NA;NA;NA;NA;NA;NA;NA;NA;NA;NA;NA;NA;NA;NA;NA;NA;NA;NA;NA;NA;NA
32;BINARY;semihonest;shamir-bmr;3;NA;NA;NA;NA;NA;NA;NA;NA;NA;NA;NA;NA;NA;35;30;172.153;172.26;1541;27;NA;675.098;NA;NA;NA;NA;NA;NA;NA;NA;NA;NA;NA;NA;NA;NA;NA;NA;NA;NA;NA;NA;NA;NA;NA;NA;NA;NA;NA;NA;NA;NA;NA;NA;NA;NA
32;BINARY;semihonest;shamir-bmr;3;NA;NA;NA;NA;NA;NA;NA;NA;NA;NA;NA;NA;NA;40;30;162.442;162.55;1543;33;NA;675.098;NA;NA;NA;NA;NA;NA;NA;NA;NA;NA;NA;NA;NA;NA;NA;NA;NA;NA;NA;NA;NA;NA;NA;NA;NA;NA;NA;NA;NA;NA;NA;NA;NA;NA
32;BINARY;semihonest;shamir-bmr;3;NA;NA;NA;NA;NA;NA;NA;NA;NA;NA;NA;NA;NA;45;30;148.835;148.95;1542;35;NA;675.098;NA;NA;NA;NA;NA;NA;NA;NA;NA;NA;NA;NA;NA;NA;NA;NA;NA;NA;NA;NA;NA;NA;NA;NA;NA;NA;NA;NA;NA;NA;NA;NA;NA;NA
32;BINARY;semihonest;shamir-bmr;3;NA;NA;NA;NA;NA;NA;NA;NA;NA;NA;NA;NA;NA;50;30;138.177;138.30;1540;38;NA;675.098;NA;NA;NA;NA;NA;NA;NA;NA;NA;NA;NA;NA;NA;NA;NA;NA;NA;NA;NA;NA;NA;NA;NA;NA;NA;NA;NA;NA;NA;NA;NA;NA;NA;NA
32;BINARY;semihonest;shamir-bmr;3;NA;NA;NA;NA;NA;NA;NA;NA;NA;NA;NA;NA;NA;55;30;118.462;118.58;1541;31;NA;675.098;NA;NA;NA;NA;NA;NA;NA;NA;NA;NA;NA;NA;NA;NA;NA;NA;NA;NA;NA;NA;NA;NA;NA;NA;NA;NA;NA;NA;NA;NA;NA;NA;NA;NA
32;BINARY;semihonest;shamir-bmr;3;NA;NA;NA;NA;NA;NA;NA;NA;NA;NA;NA;NA;NA;60;30;125.033;125.15;1542;42;NA;675.098;NA;NA;NA;NA;NA;NA;NA;NA;NA;NA;NA;NA;NA;NA;NA;NA;NA;NA;NA;NA;NA;NA;NA;NA;NA;NA;NA;NA;NA;NA;NA;NA;NA;NA
32;BINARY;semihonest;shamir-bmr;3;NA;NA;NA;NA;NA;NA;NA;NA;NA;NA;NA;NA;NA;65;30;111.689;111.81;1540;42;NA;675.098;NA;NA;NA;NA;NA;NA;NA;NA;NA;NA;NA;NA;NA;NA;NA;NA;NA;NA;NA;NA;NA;NA;NA;NA;NA;NA;NA;NA;NA;NA;NA;NA;NA;NA
32;BINARY;semihonest;shamir-bmr;3;NA;NA;NA;NA;NA;NA;NA;NA;NA;NA;NA;NA;NA;70;30;115.116;115.23;1545;46;NA;675.098;NA;NA;NA;NA;NA;NA;NA;NA;NA;NA;NA;NA;NA;NA;NA;NA;NA;NA;NA;NA;NA;NA;NA;NA;NA;NA;NA;NA;NA;NA;NA;NA;NA;NA
32;BINARY;semihonest;shamir-bmr;3;NA;NA;NA;NA;NA;NA;NA;NA;NA;NA;NA;NA;NA;75;30;109.042;109.16;1541;46;NA;675.098;NA;NA;NA;NA;NA;NA;NA;NA;NA;NA;NA;NA;NA;NA;NA;NA;NA;NA;NA;NA;NA;NA;NA;NA;NA;NA;NA;NA;NA;NA;NA;NA;NA;NA
32;BINARY;semihonest;shamir-bmr;3;NA;NA;NA;NA;NA;NA;NA;NA;NA;NA;NA;NA;NA;80;30;97.9362;98.06;1537;44;NA;675.098;NA;NA;NA;NA;NA;NA;NA;NA;NA;NA;NA;NA;NA;NA;NA;NA;NA;NA;NA;NA;NA;NA;NA;NA;NA;NA;NA;NA;NA;NA;NA;NA;NA;NA
32;BINARY;semihonest;shamir-bmr;3;NA;NA;NA;NA;NA;NA;NA;NA;NA;NA;NA;NA;NA;85;30;90.7844;90.90;1535;44;NA;675.098;NA;NA;NA;NA;NA;NA;NA;NA;NA;NA;NA;NA;NA;NA;NA;NA;NA;NA;NA;NA;NA;NA;NA;NA;NA;NA;NA;NA;NA;NA;NA;NA;NA;NA
32;BINARY;semihonest;shamir-bmr;3;NA;NA;NA;NA;NA;NA;NA;NA;NA;NA;NA;NA;NA;90;30;92.6228;92.76;1540;50;NA;675.098;NA;NA;NA;NA;NA;NA;NA;NA;NA;NA;NA;NA;NA;NA;NA;NA;NA;NA;NA;NA;NA;NA;NA;NA;NA;NA;NA;NA;NA;NA;NA;NA;NA;NA
32;BINARY;semihonest;shamir-bmr;3;NA;NA;NA;NA;NA;NA;NA;NA;NA;NA;NA;NA;NA;95;30;92.643;92.78;1540;49;NA;675.098;NA;NA;NA;NA;NA;NA;NA;NA;NA;NA;NA;NA;NA;NA;NA;NA;NA;NA;NA;NA;NA;NA;NA;NA;NA;NA;NA;NA;NA;NA;NA;NA;NA;NA
32;BINARY;semihonest;shamir-bmr;3;NA;NA;NA;NA;NA;NA;NA;NA;NA;NA;NA;NA;NA;100;30;95.7183;95.84;1541;53;NA;675.098;NA;NA;NA;NA;NA;NA;NA;NA;NA;NA;NA;NA;NA;NA;NA;NA;NA;NA;NA;NA;NA;NA;NA;NA;NA;NA;NA;NA;NA;NA;NA;NA;NA;NA
32;BINARY;semihonest;rep-bmr;3;8.51;464;4;NA;NA;NA;57600;57600;57600;NA;NA;529200;119701;10;30;283.569;283.69;1190;8;NA;329.242;NA;NA;NA;NA;NA;NA;NA;NA;NA;NA;NA;NA;NA;NA;NA;NA;NA;NA;NA;NA;NA;NA;NA;NA;NA;NA;NA;NA;NA;NA;NA;NA;NA;NA
32;BINARY;semihonest;rep-bmr;3;NA;NA;NA;NA;NA;NA;NA;NA;NA;NA;NA;NA;NA;15;30;198.152;198.27;1189;14;NA;329.242;NA;NA;NA;NA;NA;NA;NA;NA;NA;NA;NA;NA;NA;NA;NA;NA;NA;NA;NA;NA;NA;NA;NA;NA;NA;NA;NA;NA;NA;NA;NA;NA;NA;NA
32;BINARY;semihonest;rep-bmr;3;NA;NA;NA;NA;NA;NA;NA;NA;NA;NA;NA;NA;NA;20;30;152.815;152.93;1196;17;NA;329.242;NA;NA;NA;NA;NA;NA;NA;NA;NA;NA;NA;NA;NA;NA;NA;NA;NA;NA;NA;NA;NA;NA;NA;NA;NA;NA;NA;NA;NA;NA;NA;NA;NA;NA
32;BINARY;semihonest;rep-bmr;3;NA;NA;NA;NA;NA;NA;NA;NA;NA;NA;NA;NA;NA;25;30;128.89;129.04;1189;21;NA;329.242;NA;NA;NA;NA;NA;NA;NA;NA;NA;NA;NA;NA;NA;NA;NA;NA;NA;NA;NA;NA;NA;NA;NA;NA;NA;NA;NA;NA;NA;NA;NA;NA;NA;NA
32;BINARY;semihonest;rep-bmr;3;NA;NA;NA;NA;NA;NA;NA;NA;NA;NA;NA;NA;NA;30;30;112.668;112.79;1189;25;NA;329.242;NA;NA;NA;NA;NA;NA;NA;NA;NA;NA;NA;NA;NA;NA;NA;NA;NA;NA;NA;NA;NA;NA;NA;NA;NA;NA;NA;NA;NA;NA;NA;NA;NA;NA
32;BINARY;semihonest;rep-bmr;3;NA;NA;NA;NA;NA;NA;NA;NA;NA;NA;NA;NA;NA;35;30;92.0306;92.15;1190;22;NA;329.242;NA;NA;NA;NA;NA;NA;NA;NA;NA;NA;NA;NA;NA;NA;NA;NA;NA;NA;NA;NA;NA;NA;NA;NA;NA;NA;NA;NA;NA;NA;NA;NA;NA;NA
32;BINARY;semihonest;rep-bmr;3;NA;NA;NA;NA;NA;NA;NA;NA;NA;NA;NA;NA;NA;40;30;89.1968;89.32;1189;30;NA;329.242;NA;NA;NA;NA;NA;NA;NA;NA;NA;NA;NA;NA;NA;NA;NA;NA;NA;NA;NA;NA;NA;NA;NA;NA;NA;NA;NA;NA;NA;NA;NA;NA;NA;NA
32;BINARY;semihonest;rep-bmr;3;NA;NA;NA;NA;NA;NA;NA;NA;NA;NA;NA;NA;NA;45;30;80.2551;80.38;1192;32;NA;329.242;NA;NA;NA;NA;NA;NA;NA;NA;NA;NA;NA;NA;NA;NA;NA;NA;NA;NA;NA;NA;NA;NA;NA;NA;NA;NA;NA;NA;NA;NA;NA;NA;NA;NA
32;BINARY;semihonest;rep-bmr;3;NA;NA;NA;NA;NA;NA;NA;NA;NA;NA;NA;NA;NA;50;30;76.0789;76.20;1189;38;NA;329.242;NA;NA;NA;NA;NA;NA;NA;NA;NA;NA;NA;NA;NA;NA;NA;NA;NA;NA;NA;NA;NA;NA;NA;NA;NA;NA;NA;NA;NA;NA;NA;NA;NA;NA
32;BINARY;semihonest;rep-bmr;3;NA;NA;NA;NA;NA;NA;NA;NA;NA;NA;NA;NA;NA;55;30;67.8936;68.01;1189;36;NA;329.242;NA;NA;NA;NA;NA;NA;NA;NA;NA;NA;NA;NA;NA;NA;NA;NA;NA;NA;NA;NA;NA;NA;NA;NA;NA;NA;NA;NA;NA;NA;NA;NA;NA;NA
32;BINARY;semihonest;rep-bmr;3;NA;NA;NA;NA;NA;NA;NA;NA;NA;NA;NA;NA;NA;60;30;67.8176;67.93;1189;41;NA;329.242;NA;NA;NA;NA;NA;NA;NA;NA;NA;NA;NA;NA;NA;NA;NA;NA;NA;NA;NA;NA;NA;NA;NA;NA;NA;NA;NA;NA;NA;NA;NA;NA;NA;NA
32;BINARY;semihonest;rep-bmr;3;NA;NA;NA;NA;NA;NA;NA;NA;NA;NA;NA;NA;NA;65;30;60.5994;60.72;1189;39;NA;329.242;NA;NA;NA;NA;NA;NA;NA;NA;NA;NA;NA;NA;NA;NA;NA;NA;NA;NA;NA;NA;NA;NA;NA;NA;NA;NA;NA;NA;NA;NA;NA;NA;NA;NA
32;BINARY;semihonest;rep-bmr;3;NA;NA;NA;NA;NA;NA;NA;NA;NA;NA;NA;NA;NA;70;30;60.1292;60.25;1189;45;NA;329.242;NA;NA;NA;NA;NA;NA;NA;NA;NA;NA;NA;NA;NA;NA;NA;NA;NA;NA;NA;NA;NA;NA;NA;NA;NA;NA;NA;NA;NA;NA;NA;NA;NA;NA
32;BINARY;semihonest;rep-bmr;3;NA;NA;NA;NA;NA;NA;NA;NA;NA;NA;NA;NA;NA;75;30;57.6972;57.82;1187;49;NA;329.242;NA;NA;NA;NA;NA;NA;NA;NA;NA;NA;NA;NA;NA;NA;NA;NA;NA;NA;NA;NA;NA;NA;NA;NA;NA;NA;NA;NA;NA;NA;NA;NA;NA;NA
32;BINARY;semihonest;rep-bmr;3;NA;NA;NA;NA;NA;NA;NA;NA;NA;NA;NA;NA;NA;80;30;50.9859;51.12;1190;43;NA;329.242;NA;NA;NA;NA;NA;NA;NA;NA;NA;NA;NA;NA;NA;NA;NA;NA;NA;NA;NA;NA;NA;NA;NA;NA;NA;NA;NA;NA;NA;NA;NA;NA;NA;NA
32;BINARY;semihonest;rep-bmr;3;NA;NA;NA;NA;NA;NA;NA;NA;NA;NA;NA;NA;NA;85;30;54.4195;54.54;1191;51;NA;329.242;NA;NA;NA;NA;NA;NA;NA;NA;NA;NA;NA;NA;NA;NA;NA;NA;NA;NA;NA;NA;NA;NA;NA;NA;NA;NA;NA;NA;NA;NA;NA;NA;NA;NA
32;BINARY;semihonest;rep-bmr;3;NA;NA;NA;NA;NA;NA;NA;NA;NA;NA;NA;NA;NA;90;30;46.5622;46.69;1190;38;NA;329.242;NA;NA;NA;NA;NA;NA;NA;NA;NA;NA;NA;NA;NA;NA;NA;NA;NA;NA;NA;NA;NA;NA;NA;NA;NA;NA;NA;NA;NA;NA;NA;NA;NA;NA
32;BINARY;semihonest;rep-bmr;3;NA;NA;NA;NA;NA;NA;NA;NA;NA;NA;NA;NA;NA;95;30;47.7512;47.87;1189;53;NA;329.242;NA;NA;NA;NA;NA;NA;NA;NA;NA;NA;NA;NA;NA;NA;NA;NA;NA;NA;NA;NA;NA;NA;NA;NA;NA;NA;NA;NA;NA;NA;NA;NA;NA;NA
32;BINARY;semihonest;rep-bmr;3;NA;NA;NA;NA;NA;NA;NA;NA;NA;NA;NA;NA;NA;100;30;48.4478;48.57;1191;55;NA;329.242;NA;NA;NA;NA;NA;NA;NA;NA;NA;NA;NA;NA;NA;NA;NA;NA;NA;NA;NA;NA;NA;NA;NA;NA;NA;NA;NA;NA;NA;NA;NA;NA;NA;NA
32;BINARY;semihonest;replicated-bin;3;8.51;464;4;NA;NA;NA;57600;57600;57600;NA;NA;529200;119701;10;30;8.51678;8.63;32;77;NA;0.594048;NA;4.8e-05;3;8.51373;4.8e-05;3;8.51639;NA;NA;NA;NA;NA;NA;0.594;54901;8.30788;NA;NA;NA;NA;NA;NA;NA;NA;NA;NA;NA;NA;NA;NA;NA;NA;NA;NA
32;BINARY;semihonest;replicated-bin;3;NA;NA;NA;NA;NA;NA;NA;NA;NA;NA;NA;NA;NA;15;30;5.63758;5.75;29;94;NA;0.594048;NA;4.8e-05;3;5.63414;4.8e-05;3;5.63724;NA;NA;NA;NA;NA;NA;0.594;54901;5.45229;NA;NA;NA;NA;NA;NA;NA;NA;NA;NA;NA;NA;NA;NA;NA;NA;NA;NA
32;BINARY;semihonest;replicated-bin;3;NA;NA;NA;NA;NA;NA;NA;NA;NA;NA;NA;NA;NA;20;30;8.75576;8.86;30;105;NA;0.594048;NA;4.8e-05;3;8.75281;4.8e-05;3;8.75531;NA;NA;NA;NA;NA;NA;0.594;54901;8.49844;NA;NA;NA;NA;NA;NA;NA;NA;NA;NA;NA;NA;NA;NA;NA;NA;NA;NA
32;BINARY;semihonest;replicated-bin;3;NA;NA;NA;NA;NA;NA;NA;NA;NA;NA;NA;NA;NA;25;30;7.61865;7.74;29;115;NA;0.594048;NA;4.8e-05;3;7.61502;4.8e-05;3;7.61851;NA;NA;NA;NA;NA;NA;0.594;54901;7.33655;NA;NA;NA;NA;NA;NA;NA;NA;NA;NA;NA;NA;NA;NA;NA;NA;NA;NA
32;BINARY;semihonest;replicated-bin;3;NA;NA;NA;NA;NA;NA;NA;NA;NA;NA;NA;NA;NA;30;30;10.8281;10.93;31;105;NA;0.594048;NA;4.8e-05;3;10.825;4.8e-05;3;10.827;NA;NA;NA;NA;NA;NA;0.594;54901;10.5343;NA;NA;NA;NA;NA;NA;NA;NA;NA;NA;NA;NA;NA;NA;NA;NA;NA;NA
32;BINARY;semihonest;replicated-bin;3;NA;NA;NA;NA;NA;NA;NA;NA;NA;NA;NA;NA;NA;35;30;7.43812;7.54;31;100;NA;0.594048;NA;4.8e-05;3;7.43506;4.8e-05;3;7.43686;NA;NA;NA;NA;NA;NA;0.594;54901;7.19933;NA;NA;NA;NA;NA;NA;NA;NA;NA;NA;NA;NA;NA;NA;NA;NA;NA;NA
32;BINARY;semihonest;replicated-bin;3;NA;NA;NA;NA;NA;NA;NA;NA;NA;NA;NA;NA;NA;40;30;10.6241;10.73;33;101;NA;0.594048;NA;4.8e-05;3;10.6208;4.8e-05;3;10.6225;NA;NA;NA;NA;NA;NA;0.594;54901;10.3141;NA;NA;NA;NA;NA;NA;NA;NA;NA;NA;NA;NA;NA;NA;NA;NA;NA;NA
32;BINARY;semihonest;replicated-bin;3;NA;NA;NA;NA;NA;NA;NA;NA;NA;NA;NA;NA;NA;45;30;7.47853;7.58;32;69;NA;0.594048;NA;4.8e-05;3;7.4761;4.8e-05;3;7.47837;NA;NA;NA;NA;NA;NA;0.594;54901;7.29262;NA;NA;NA;NA;NA;NA;NA;NA;NA;NA;NA;NA;NA;NA;NA;NA;NA;NA
32;BINARY;semihonest;replicated-bin;3;NA;NA;NA;NA;NA;NA;NA;NA;NA;NA;NA;NA;NA;50;30;13.0921;13.20;32;83;NA;0.594048;NA;4.8e-05;3;13.0893;4.8e-05;3;13.0912;NA;NA;NA;NA;NA;NA;0.594;54901;12.7339;NA;NA;NA;NA;NA;NA;NA;NA;NA;NA;NA;NA;NA;NA;NA;NA;NA;NA
32;BINARY;semihonest;replicated-bin;3;NA;NA;NA;NA;NA;NA;NA;NA;NA;NA;NA;NA;NA;55;30;6.6852;6.79;31;108;NA;0.594048;NA;4.8e-05;3;6.6822;4.8e-05;3;6.68393;NA;NA;NA;NA;NA;NA;0.594;54901;6.46252;NA;NA;NA;NA;NA;NA;NA;NA;NA;NA;NA;NA;NA;NA;NA;NA;NA;NA
32;BINARY;semihonest;replicated-bin;3;NA;NA;NA;NA;NA;NA;NA;NA;NA;NA;NA;NA;NA;60;30;12.4628;12.58;30;95;NA;0.594048;NA;4.8e-05;3;12.4598;4.8e-05;3;12.4617;NA;NA;NA;NA;NA;NA;0.594;54901;12.1906;NA;NA;NA;NA;NA;NA;NA;NA;NA;NA;NA;NA;NA;NA;NA;NA;NA;NA
32;BINARY;semihonest;replicated-bin;3;NA;NA;NA;NA;NA;NA;NA;NA;NA;NA;NA;NA;NA;65;30;8.43263;8.55;31;81;NA;0.594048;NA;4.8e-05;3;8.4298;4.8e-05;3;8.43168;NA;NA;NA;NA;NA;NA;0.594;54901;8.24018;NA;NA;NA;NA;NA;NA;NA;NA;NA;NA;NA;NA;NA;NA;NA;NA;NA;NA
32;BINARY;semihonest;replicated-bin;3;NA;NA;NA;NA;NA;NA;NA;NA;NA;NA;NA;NA;NA;70;30;5.51328;5.62;31;115;NA;0.594048;NA;4.8e-05;3;5.51053;4.8e-05;3;5.51258;NA;NA;NA;NA;NA;NA;0.594;54901;5.29465;NA;NA;NA;NA;NA;NA;NA;NA;NA;NA;NA;NA;NA;NA;NA;NA;NA;NA
32;BINARY;semihonest;replicated-bin;3;NA;NA;NA;NA;NA;NA;NA;NA;NA;NA;NA;NA;NA;75;30;7.21438;7.32;30;87;NA;0.594048;NA;4.8e-05;3;7.2115;4.8e-05;3;7.21346;NA;NA;NA;NA;NA;NA;0.594;54901;7.03031;NA;NA;NA;NA;NA;NA;NA;NA;NA;NA;NA;NA;NA;NA;NA;NA;NA;NA
32;BINARY;semihonest;replicated-bin;3;NA;NA;NA;NA;NA;NA;NA;NA;NA;NA;NA;NA;NA;80;30;4.38795;4.49;31;109;NA;0.594048;NA;4.8e-05;3;4.38515;4.8e-05;3;4.38779;NA;NA;NA;NA;NA;NA;0.594;54901;4.20665;NA;NA;NA;NA;NA;NA;NA;NA;NA;NA;NA;NA;NA;NA;NA;NA;NA;NA
32;BINARY;semihonest;replicated-bin;3;NA;NA;NA;NA;NA;NA;NA;NA;NA;NA;NA;NA;NA;85;30;8.58689;8.70;31;92;NA;0.594048;NA;4.8e-05;3;8.58316;4.8e-05;3;8.58652;NA;NA;NA;NA;NA;NA;0.594;54901;8.30693;NA;NA;NA;NA;NA;NA;NA;NA;NA;NA;NA;NA;NA;NA;NA;NA;NA;NA
32;BINARY;semihonest;replicated-bin;3;NA;NA;NA;NA;NA;NA;NA;NA;NA;NA;NA;NA;NA;90;30;12.3737;12.48;31;111;NA;0.594048;NA;4.8e-05;3;12.3704;4.8e-05;3;12.3734;NA;NA;NA;NA;NA;NA;0.594;54901;12.0142;NA;NA;NA;NA;NA;NA;NA;NA;NA;NA;NA;NA;NA;NA;NA;NA;NA;NA
32;BINARY;semihonest;replicated-bin;3;NA;NA;NA;NA;NA;NA;NA;NA;NA;NA;NA;NA;NA;95;30;8.97663;9.09;31;84;NA;0.594048;NA;4.8e-05;3;8.97318;4.8e-05;3;8.97624;NA;NA;NA;NA;NA;NA;0.594;54901;8.79367;NA;NA;NA;NA;NA;NA;NA;NA;NA;NA;NA;NA;NA;NA;NA;NA;NA;NA
32;BINARY;semihonest;replicated-bin;3;NA;NA;NA;NA;NA;NA;NA;NA;NA;NA;NA;NA;NA;100;30;17.2317;17.34;31;93;NA;0.594048;NA;4.8e-05;3;17.228;4.8e-05;3;17.2308;NA;NA;NA;NA;NA;NA;0.594;54901;16.8566;NA;NA;NA;NA;NA;NA;NA;NA;NA;NA;NA;NA;NA;NA;NA;NA;NA;NA
32;BINARY;semihonest;ccd;3;8.51;464;4;NA;NA;NA;57600;57600;57600;NA;NA;529200;119701;10;30;23.2522;23.36;44;159;NA;1.2312;NA;NA;NA;NA;NA;NA;NA;NA;NA;NA;1.1736;54001;22.052;NA;NA;NA;0.0576;900;0.31866;NA;NA;NA;NA;NA;NA;NA;NA;NA;NA;NA;NA;NA;NA;NA
32;BINARY;semihonest;ccd;3;NA;NA;NA;NA;NA;NA;NA;NA;NA;NA;NA;NA;NA;15;30;22.3966;22.52;42;183;NA;1.2312;NA;NA;NA;NA;NA;NA;NA;NA;NA;NA;1.1736;54001;21.2489;NA;NA;NA;0.0576;900;0.27438;NA;NA;NA;NA;NA;NA;NA;NA;NA;NA;NA;NA;NA;NA;NA
32;BINARY;semihonest;ccd;3;NA;NA;NA;NA;NA;NA;NA;NA;NA;NA;NA;NA;NA;20;30;24.7343;24.85;43;177;NA;1.2312;NA;NA;NA;NA;NA;NA;NA;NA;NA;NA;1.1736;54001;23.4877;NA;NA;NA;0.0576;900;0.343087;NA;NA;NA;NA;NA;NA;NA;NA;NA;NA;NA;NA;NA;NA;NA
32;BINARY;semihonest;ccd;3;NA;NA;NA;NA;NA;NA;NA;NA;NA;NA;NA;NA;NA;25;30;16.5256;16.64;43;172;NA;1.2312;NA;NA;NA;NA;NA;NA;NA;NA;NA;NA;1.1736;54001;15.4878;NA;NA;NA;0.0576;900;0.247972;NA;NA;NA;NA;NA;NA;NA;NA;NA;NA;NA;NA;NA;NA;NA
32;BINARY;semihonest;ccd;3;NA;NA;NA;NA;NA;NA;NA;NA;NA;NA;NA;NA;NA;30;30;23.4147;23.52;42;164;NA;1.2312;NA;NA;NA;NA;NA;NA;NA;NA;NA;NA;1.1736;54001;22.1637;NA;NA;NA;0.0576;900;0.313763;NA;NA;NA;NA;NA;NA;NA;NA;NA;NA;NA;NA;NA;NA;NA
32;BINARY;semihonest;ccd;3;NA;NA;NA;NA;NA;NA;NA;NA;NA;NA;NA;NA;NA;35;30;19.3647;19.49;41;169;NA;1.2312;NA;NA;NA;NA;NA;NA;NA;NA;NA;NA;1.1736;54001;18.2738;NA;NA;NA;0.0576;900;0.262905;NA;NA;NA;NA;NA;NA;NA;NA;NA;NA;NA;NA;NA;NA;NA
32;BINARY;semihonest;ccd;3;NA;NA;NA;NA;NA;NA;NA;NA;NA;NA;NA;NA;NA;40;30;24.6162;24.74;43;172;NA;1.2312;NA;NA;NA;NA;NA;NA;NA;NA;NA;NA;1.1736;54001;23.36;NA;NA;NA;0.0576;900;0.325549;NA;NA;NA;NA;NA;NA;NA;NA;NA;NA;NA;NA;NA;NA;NA
32;BINARY;semihonest;ccd;3;NA;NA;NA;NA;NA;NA;NA;NA;NA;NA;NA;NA;NA;45;30;19.6211;19.74;43;134;NA;1.2312;NA;NA;NA;NA;NA;NA;NA;NA;NA;NA;1.1736;54001;18.7907;NA;NA;NA;0.0576;900;0.236703;NA;NA;NA;NA;NA;NA;NA;NA;NA;NA;NA;NA;NA;NA;NA
32;BINARY;semihonest;ccd;3;NA;NA;NA;NA;NA;NA;NA;NA;NA;NA;NA;NA;NA;50;30;24.2992;24.41;44;175;NA;1.2312;NA;NA;NA;NA;NA;NA;NA;NA;NA;NA;1.1736;54001;23.0865;NA;NA;NA;0.0576;900;0.321367;NA;NA;NA;NA;NA;NA;NA;NA;NA;NA;NA;NA;NA;NA;NA
32;BINARY;semihonest;ccd;3;NA;NA;NA;NA;NA;NA;NA;NA;NA;NA;NA;NA;NA;55;30;24.2708;24.38;44;160;NA;1.2312;NA;NA;NA;NA;NA;NA;NA;NA;NA;NA;1.1736;54001;22.9951;NA;NA;NA;0.0576;900;0.328769;NA;NA;NA;NA;NA;NA;NA;NA;NA;NA;NA;NA;NA;NA;NA
32;BINARY;semihonest;ccd;3;NA;NA;NA;NA;NA;NA;NA;NA;NA;NA;NA;NA;NA;60;30;24.1199;24.23;42;168;NA;1.2312;NA;NA;NA;NA;NA;NA;NA;NA;NA;NA;1.1736;54001;22.8811;NA;NA;NA;0.0576;900;0.302036;NA;NA;NA;NA;NA;NA;NA;NA;NA;NA;NA;NA;NA;NA;NA
32;BINARY;semihonest;ccd;3;NA;NA;NA;NA;NA;NA;NA;NA;NA;NA;NA;NA;NA;65;30;22.5017;22.61;42;174;NA;1.2312;NA;NA;NA;NA;NA;NA;NA;NA;NA;NA;1.1736;54001;21.3126;NA;NA;NA;0.0576;900;0.305478;NA;NA;NA;NA;NA;NA;NA;NA;NA;NA;NA;NA;NA;NA;NA
32;BINARY;semihonest;ccd;3;NA;NA;NA;NA;NA;NA;NA;NA;NA;NA;NA;NA;NA;70;30;24.0169;24.13;43;177;NA;1.2312;NA;NA;NA;NA;NA;NA;NA;NA;NA;NA;1.1736;54001;22.793;NA;NA;NA;0.0576;900;0.332514;NA;NA;NA;NA;NA;NA;NA;NA;NA;NA;NA;NA;NA;NA;NA
32;BINARY;semihonest;ccd;3;NA;NA;NA;NA;NA;NA;NA;NA;NA;NA;NA;NA;NA;75;30;24.4501;24.56;43;169;NA;1.2312;NA;NA;NA;NA;NA;NA;NA;NA;NA;NA;1.1736;54001;23.2254;NA;NA;NA;0.0576;900;0.317992;NA;NA;NA;NA;NA;NA;NA;NA;NA;NA;NA;NA;NA;NA;NA
32;BINARY;semihonest;ccd;3;NA;NA;NA;NA;NA;NA;NA;NA;NA;NA;NA;NA;NA;80;30;18.4712;18.58;43;167;NA;1.2312;NA;NA;NA;NA;NA;NA;NA;NA;NA;NA;1.1736;54001;17.5288;NA;NA;NA;0.0576;900;0.249977;NA;NA;NA;NA;NA;NA;NA;NA;NA;NA;NA;NA;NA;NA;NA
32;BINARY;semihonest;ccd;3;NA;NA;NA;NA;NA;NA;NA;NA;NA;NA;NA;NA;NA;85;30;24.3754;24.49;43;167;NA;1.2312;NA;NA;NA;NA;NA;NA;NA;NA;NA;NA;1.1736;54001;23.1463;NA;NA;NA;0.0576;900;0.320936;NA;NA;NA;NA;NA;NA;NA;NA;NA;NA;NA;NA;NA;NA;NA
32;BINARY;semihonest;ccd;3;NA;NA;NA;NA;NA;NA;NA;NA;NA;NA;NA;NA;NA;90;30;22.993;23.10;43;175;NA;1.2312;NA;NA;NA;NA;NA;NA;NA;NA;NA;NA;1.1736;54001;21.7823;NA;NA;NA;0.0576;900;0.325241;NA;NA;NA;NA;NA;NA;NA;NA;NA;NA;NA;NA;NA;NA;NA
32;BINARY;semihonest;ccd;3;NA;NA;NA;NA;NA;NA;NA;NA;NA;NA;NA;NA;NA;95;30;24.8515;24.96;43;175;NA;1.2312;NA;NA;NA;NA;NA;NA;NA;NA;NA;NA;1.1736;54001;23.5995;NA;NA;NA;0.0576;900;0.340032;NA;NA;NA;NA;NA;NA;NA;NA;NA;NA;NA;NA;NA;NA;NA
32;BINARY;semihonest;ccd;3;NA;NA;NA;NA;NA;NA;NA;NA;NA;NA;NA;NA;NA;100;30;24.6621;24.80;43;170;NA;1.2312;NA;NA;NA;NA;NA;NA;NA;NA;NA;NA;1.1736;54001;23.3912;NA;NA;NA;0.0576;900;0.3278;NA;NA;NA;NA;NA;NA;NA;NA;NA;NA;NA;NA;NA;NA;NA